31.0,261.0,0.4,10
31.0,282.0,0.2727272727272727,11
31.0,22.0,0.3181818181818182,11
31.0,2054.0,0.4,10
1029.0,1994.0,0.4,10
1029.0,3435.0,0.35,10
1029.0,2085.0,0.375,20
1029.0,3507.0,0.2,10
1029.0,2137.0,0.36363636363636365,11
1029.0,2160.0,0.4,10
1061.0,223.0,0.36363636363636365,11
1061.0,3949.0,0.4,10
1061.0,2000.0,0.36666666666666664,15
1061.0,471.0,0.375,12
1061.0,2231.0,0.32142857142857145,14
1061.0,376.0,0.2,10
1129.0,345.0,0.25,10
1129.0,379.0,0.25,10
1129.0,2140.0,0.3,10
1129.0,520.0,0.375,12
1129.0,1407.0,0.32142857142857145,14
1129.0,2580.0,0.2727272727272727,11
1129.0,3499.0,0.39285714285714285,14
1172.0,272.0,0.4,10
1172.0,3499.0,0.2916666666666667,12
1172.0,910.0,0.38235294117647056,17
1172.0,908.0,0.38636363636363635,22
1172.0,1230.0,0.3695652173913043,23
1172.0,994.0,0.35,10
1172.0,1945.0,0.25,12
1172.0,1296.0,0.3,15
1172.0,3462.0,0.34615384615384615,13
1263.0,3468.0,0.25,14
1287.0,745.0,0.35,10
1287.0,1466.0,0.3,10
1293.0,1278.0,0.3333333333333333,15
1293.0,5995.0,0.4,15
1293.0,1748.0,0.25,10
1293.0,5902.0,0.35,10
1293.0,2064.0,0.35,10
1339.0,165.0,0.38235294117647056,17
1343.0,16.0,0.3157894736842105,19
1343.0,2871.0,0.3076923076923077,13
1343.0,1084.0,0.375,12
1343.0,1357.0,0.35,10
1371.0,379.0,0.3,10
1371.0,733.0,0.38235294117647056,17
1371.0,832.0,0.25,10
1371.0,2167.0,0.4,10
1371.0,1019.0,0.4,10
1405.0,22.0,0.4,10
1405.0,4022.0,0.3611111111111111,18
1405.0,2378.0,0.4,10
1405.0,3044.0,0.4,10
1953.0,1299.0,0.3684210526315789,19
1953.0,349.0,0.4,15
1953.0,785.0,0.3333333333333333,12
1953.0,339.0,0.4,10
1953.0,914.0,0.2692307692307692,13
1953.0,1283.0,0.2692307692307692,13
1953.0,1260.0,0.3181818181818182,11
2105.0,372.0,0.35,10
2105.0,585.0,0.2916666666666667,12
2105.0,1032.0,0.32142857142857145,14
2105.0,2863.0,0.4,10
2150.0,10.0,0.35,10
2150.0,337.0,0.4,10
2150.0,6378.0,0.4,10
2150.0,3527.0,0.2727272727272727,11
2150.0,1965.0,0.36363636363636365,11
2193.0,2273.0,0.39285714285714285,14
2193.0,969.0,0.4,10
2294.0,329.0,0.38461538461538464,13
2294.0,2528.0,0.2,10
2294.0,5956.0,0.4,10
2294.0,3809.0,0.3181818181818182,11
2455.0,628.0,0.2727272727272727,11
2455.0,3361.0,0.2916666666666667,12
2455.0,1641.0,0.35,10
2968.0,596.0,0.39285714285714285,14
2968.0,1500.0,0.4,15
2968.0,6874.0,0.4,15
2968.0,2947.0,0.3333333333333333,15
2968.0,3081.0,0.39285714285714285,14
2968.0,8665.0,0.36363636363636365,11
2968.0,3098.0,0.35,10
3671.0,52.0,0.39285714285714285,14
3671.0,1994.0,0.36666666666666664,15
3671.0,1321.0,0.375,12
3671.0,4321.0,0.2916666666666667,12
3671.0,3198.0,0.4,10
3671.0,2085.0,0.3333333333333333,12
10.0,207.0,0.25,12
10.0,362.0,0.36363636363636365,11
10.0,2058.0,0.375,12
10.0,4299.0,0.3,10
10.0,30793.0,0.2916666666666667,12
110.0,8958.0,0.3611111111111111,18
110.0,3201.0,0.36363636363636365,11
272.0,778.0,0.3888888888888889,18
272.0,1387.0,0.34615384615384615,13
272.0,3006.0,0.3181818181818182,11
272.0,800.0,0.3181818181818182,11
356.0,2501.0,0.4,20
357.0,1965.0,0.3333333333333333,12
364.0,2087.0,0.35714285714285715,28
364.0,905.0,0.4,10
364.0,933.0,0.3181818181818182,11
364.0,3409.0,0.34375,16
367.0,3798.0,0.3076923076923077,13
367.0,3450.0,0.39285714285714285,14
500.0,5266.0,0.4,15
500.0,3361.0,0.3611111111111111,18
500.0,8958.0,0.39285714285714285,14
500.0,2405.0,0.38095238095238093,21
500.0,1077.0,0.39285714285714285,14
539.0,8533.0,0.4,10
551.0,38038.0,0.36363636363636365,11
588.0,87232.0,0.4,10
588.0,1269.0,0.39473684210526316,19
588.0,900.0,0.34615384615384615,13
588.0,1077.0,0.34375,16
588.0,6296.0,0.4,10
589.0,4007.0,0.3235294117647059,17
589.0,2788.0,0.3333333333333333,12
592.0,273.0,0.38095238095238093,21
592.0,69.0,0.4,10
592.0,4865.0,0.4,10
592.0,1019.0,0.3333333333333333,12
592.0,934.0,0.15,10
720.0,745.0,0.24,25
720.0,1148.0,0.19230769230769232,26
720.0,1223.0,0.2619047619047619,21
720.0,1954.0,0.2,10
720.0,3448.0,0.35,10
318.0,92259.0,0.375,20
595.0,3916.0,0.3333333333333333,18
736.0,30825.0,0.4,10
1197.0,44665.0,0.375,12
1197.0,69844.0,0.375,12
1197.0,194.0,0.4,10
1197.0,1944.0,0.25,10
1210.0,260.0,0.3877005347593583,187
1210.0,1196.0,0.3047337278106509,169
1210.0,5782.0,0.36666666666666664,15
112.0,2140.0,0.35,10
112.0,2406.0,0.39285714285714285,14
112.0,1645.0,0.2916666666666667,12
112.0,3253.0,0.375,12
112.0,11.0,0.38461538461538464,13
141.0,2915.0,0.39285714285714285,14
260.0,1196.0,0.3694581280788177,203
260.0,1945.0,0.375,20
260.0,262.0,0.4,10
329.0,381.0,0.35,10
329.0,2058.0,0.4,10
329.0,6934.0,0.3,10
329.0,2002.0,0.3333333333333333,12
380.0,3882.0,0.3181818181818182,11
380.0,1135.0,0.32142857142857145,14
380.0,2795.0,0.4,15
541.0,671.0,0.35294117647058826,17
541.0,1299.0,0.29545454545454547,22
541.0,2395.0,0.35185185185185186,27
541.0,2871.0,0.3333333333333333,18
541.0,51540.0,0.26666666666666666,15
541.0,69481.0,0.375,12
541.0,4128.0,0.36363636363636365,11
541.0,951.0,0.39285714285714285,14
541.0,933.0,0.35294117647058826,17
541.0,3201.0,0.22727272727272727,11
541.0,915.0,0.36363636363636365,11
541.0,1253.0,0.36666666666666664,15
541.0,945.0,0.39285714285714285,14
541.0,3683.0,0.375,16
541.0,3396.0,0.39285714285714285,14
594.0,1299.0,0.3181818181818182,11
594.0,1204.0,0.4,15
594.0,8949.0,0.4,10
594.0,1345.0,0.4,15
594.0,3435.0,0.4,10
594.0,1212.0,0.38461538461538464,13
594.0,930.0,0.4,10
594.0,1103.0,0.36666666666666664,15
594.0,3396.0,0.3333333333333333,12
610.0,1073.0,0.38461538461538464,13
610.0,1376.0,0.2857142857142857,14
1036.0,78499.0,0.3888888888888889,18
1073.0,68157.0,0.36666666666666664,15
1073.0,1678.0,0.3181818181818182,11
1073.0,1189.0,0.16666666666666666,12
1073.0,1175.0,0.25,12
1073.0,2971.0,0.36363636363636365,11
1079.0,671.0,0.375,12
1079.0,3448.0,0.39285714285714285,28
1079.0,1227.0,0.36363636363636365,11
1079.0,1711.0,0.18181818181818182,11
1079.0,2137.0,0.23076923076923078,13
1097.0,3499.0,0.3888888888888889,27
1097.0,51540.0,0.35714285714285715,14
1097.0,3363.0,0.32608695652173914,23
1097.0,2949.0,0.39473684210526316,19
1097.0,1945.0,0.3888888888888889,18
1097.0,3543.0,0.38461538461538464,13
1097.0,2788.0,0.36666666666666664,15
1125.0,1031.0,0.3,10
1136.0,534.0,0.3,10
1136.0,3034.0,0.3,20
1136.0,61024.0,0.38461538461538464,13
1136.0,2501.0,0.35,10
1136.0,1189.0,0.3076923076923077,13
1136.0,1260.0,0.38235294117647056,17
1136.0,1217.0,0.3684210526315789,19
1136.0,5971.0,0.34615384615384615,13
1198.0,1262.0,0.3977272727272727,44
1220.0,534.0,0.4,10
1220.0,1033.0,0.2727272727272727,11
1220.0,3034.0,0.36363636363636365,11
1220.0,5630.0,0.35,10
1220.0,6953.0,0.4,10
1220.0,934.0,0.4,10
1220.0,2779.0,0.4,15
1220.0,3396.0,0.38235294117647056,17
1225.0,3246.0,0.2647058823529412,17
1240.0,37733.0,0.34615384615384615,13
1240.0,97921.0,0.4,10
1240.0,3152.0,0.35714285714285715,14
1240.0,3201.0,0.18181818181818182,11
1240.0,3196.0,0.3181818181818182,11
1240.0,2398.0,0.3076923076923077,13
1240.0,1189.0,0.35,10
1270.0,3034.0,0.3409090909090909,22
1270.0,8958.0,0.4,20
1278.0,44191.0,0.35714285714285715,14
1278.0,5418.0,0.35294117647058826,17
1278.0,1299.0,0.23529411764705882,17
1278.0,41566.0,0.375,12
1278.0,1203.0,0.35714285714285715,21
1278.0,4361.0,0.4,15
1278.0,8665.0,0.39285714285714285,14
1278.0,34405.0,0.3181818181818182,11
1278.0,68157.0,0.36363636363636365,11
1278.0,6807.0,0.07692307692307693,13
1278.0,40819.0,0.38461538461538464,13
1278.0,1212.0,0.32142857142857145,14
1278.0,3730.0,0.22727272727272727,11
1278.0,1254.0,0.36363636363636365,11
1278.0,1945.0,0.2916666666666667,12
1278.0,1296.0,0.3181818181818182,11
1278.0,954.0,0.34375,16
1278.0,1411.0,0.38461538461538464,13
1278.0,3462.0,0.36363636363636365,11
1278.0,1224.0,0.3076923076923077,13
1288.0,534.0,0.2727272727272727,11
1288.0,515.0,0.4,15
1288.0,3730.0,0.36666666666666664,15
1288.0,1254.0,0.38461538461538464,13
1288.0,1945.0,0.36666666666666664,15
1288.0,1952.0,0.39473684210526316,19
1288.0,194.0,0.36363636363636365,11
1288.0,1283.0,0.375,12
1288.0,1189.0,0.35714285714285715,14
1288.0,1260.0,0.3076923076923077,13
1288.0,2366.0,0.2857142857142857,14
1291.0,3060.0,0.38461538461538464,13
1291.0,3791.0,0.36666666666666664,15
1291.0,8958.0,0.35714285714285715,14
1291.0,2501.0,0.36666666666666664,15
1291.0,1283.0,0.32142857142857145,14
1291.0,2788.0,0.1,10
1291.0,3396.0,0.38235294117647056,17
1307.0,6787.0,0.38461538461538464,13
1372.0,2021.0,0.375,12
1372.0,2478.0,0.36363636363636365,11
1372.0,2141.0,0.3181818181818182,11
1374.0,44191.0,0.36363636363636365,11
1374.0,2124.0,0.375,16
1374.0,2139.0,0.19230769230769232,13
1374.0,68358.0,0.35,10
1374.0,3635.0,0.36363636363636365,11
1374.0,2085.0,0.25,12
1376.0,333.0,0.3333333333333333,12
1376.0,11.0,0.35714285714285715,14
104.0,5810.0,0.3181818181818182,11
1.0,78499.0,0.35135135135135137,37
1.0,140.0,0.4,10
1.0,1175.0,0.3235294117647059,17
21.0,6870.0,0.38461538461538464,13
21.0,1748.0,0.39285714285714285,14
21.0,2167.0,0.38461538461538464,13
21.0,1965.0,0.4,15
21.0,921.0,0.3333333333333333,12
207.0,2.0,0.25,12
316.0,428.0,0.4,10
316.0,144.0,0.2,10
316.0,1645.0,0.3055555555555556,18
316.0,1792.0,0.3181818181818182,11
316.0,2167.0,0.391304347826087,23
316.0,6188.0,0.2727272727272727,11
316.0,1350.0,0.3181818181818182,11
316.0,2002.0,0.3076923076923077,13
316.0,376.0,0.4,15
333.0,95.0,0.375,12
345.0,2336.0,0.3333333333333333,12
345.0,1958.0,0.35,10
534.0,1231.0,0.4,10
534.0,1242.0,0.4,10
534.0,778.0,0.25,12
534.0,1203.0,0.4,10
534.0,1219.0,0.4,10
534.0,14.0,0.3,10
671.0,1089.0,0.4,10
671.0,337.0,0.35,10
671.0,1784.0,0.4,10
724.0,196.0,0.2,10
745.0,1148.0,0.14444444444444443,45
745.0,1223.0,0.375,28
745.0,471.0,0.3333333333333333,12
780.0,72011.0,0.375,12
780.0,102445.0,0.35,10
780.0,69844.0,0.35,10
786.0,379.0,0.4,10
786.0,100.0,0.25,12
924.0,306.0,0.13636363636363635,11
1080.0,52.0,0.3,15
1080.0,555.0,0.36,25
1080.0,471.0,0.3157894736842105,19
1080.0,41997.0,0.35,10
1080.0,3000.0,0.3333333333333333,12
1080.0,2243.0,0.35714285714285715,14
1080.0,2739.0,0.35,10
1080.0,6787.0,0.2,10
1080.0,3307.0,0.3181818181818182,11
1080.0,1955.0,0.375,16
1148.0,1223.0,0.3333333333333333,33
1148.0,1257.0,0.36363636363636365,11
1148.0,1249.0,0.38235294117647056,17
1223.0,1203.0,0.375,12
1223.0,1921.0,0.36363636363636365,11
1223.0,1171.0,0.375,12
1231.0,16.0,0.375,12
1231.0,4034.0,0.3181818181818182,11
1231.0,2391.0,0.34615384615384615,13
1231.0,1203.0,0.3541666666666667,24
1231.0,3006.0,0.375,16
1231.0,5377.0,0.35,10
1231.0,2863.0,0.3181818181818182,11
1231.0,1095.0,0.3611111111111111,18
1231.0,1103.0,0.2,20
1231.0,1296.0,0.38461538461538464,13
1231.0,3201.0,0.375,12
1231.0,1834.0,0.36363636363636365,11
1231.0,1955.0,0.2916666666666667,12
1242.0,628.0,0.39285714285714285,14
1242.0,3006.0,0.22727272727272727,11
1242.0,161.0,0.4,10
1242.0,2739.0,0.4,10
1242.0,921.0,0.3333333333333333,12
1242.0,2779.0,0.4,10
1242.0,1224.0,0.3,10
1275.0,4571.0,0.35,10
1302.0,6565.0,0.375,12
1302.0,3791.0,0.39285714285714285,14
1302.0,2245.0,0.3333333333333333,15
1373.0,379.0,0.3,10
1373.0,95.0,0.4,10
1375.0,454.0,0.3333333333333333,18
1375.0,180.0,0.36363636363636365,11
1375.0,5459.0,0.4,10
1375.0,1019.0,0.375,12
1394.0,1257.0,0.36666666666666664,15
1394.0,4008.0,0.3,10
1394.0,2973.0,0.34375,16
1408.0,431.0,0.35,10
1408.0,3527.0,0.3333333333333333,12
1408.0,1907.0,0.3076923076923077,13
50.0,1299.0,0.3958333333333333,24
50.0,515.0,0.3888888888888889,27
50.0,2917.0,0.3076923076923077,13
50.0,3198.0,0.34615384615384615,13
50.0,29.0,0.38636363636363635,22
50.0,2132.0,0.3333333333333333,12
50.0,3507.0,0.375,12
50.0,1354.0,0.3333333333333333,12
296.0,515.0,0.4,35
372.0,2640.0,0.34615384615384615,13
372.0,2405.0,0.4,10
778.0,64614.0,0.39285714285714285,14
778.0,1299.0,0.3076923076923077,13
778.0,58.0,0.4,15
778.0,1060.0,0.39473684210526316,19
778.0,1466.0,0.391304347826087,23
778.0,800.0,0.36666666666666664,15
778.0,1254.0,0.35,10
778.0,1945.0,0.4,10
778.0,1096.0,0.4,10
778.0,2019.0,0.32608695652173914,23
778.0,1189.0,0.2727272727272727,11
778.0,3683.0,0.35714285714285715,14
778.0,3396.0,0.3076923076923077,13
1378.0,3751.0,0.4,10
1378.0,2478.0,0.3,15
2028.0,96079.0,0.38461538461538464,13
2028.0,89745.0,0.3,15
2028.0,134130.0,0.3076923076923077,13
2028.0,106100.0,0.3333333333333333,12
2028.0,1224.0,0.375,12
7153.0,5952.0,0.20382165605095542,157
7153.0,4993.0,0.28164556962025317,158
7361.0,106100.0,0.3181818181818182,11
7361.0,54997.0,0.4,10
7361.0,5971.0,0.2727272727272727,11
44191.0,64614.0,0.23333333333333334,15
44191.0,2140.0,0.35,10
44191.0,97938.0,0.375,12
44191.0,86882.0,0.35,10
44191.0,5810.0,0.4,10
58559.0,7502.0,0.3611111111111111,18
858.0,1221.0,0.264,125
858.0,913.0,0.3684210526315789,38
1089.0,1299.0,0.4,20
1089.0,2289.0,0.375,28
1089.0,2467.0,0.36666666666666664,15
1089.0,1297.0,0.3,10
1089.0,4235.0,0.34210526315789475,19
1089.0,1019.0,0.375,12
1089.0,2366.0,0.39285714285714285,14
1089.0,1348.0,0.375,12
1089.0,125.0,0.375,12
1206.0,2232.0,0.375,12
1206.0,933.0,0.2727272727272727,11
1206.0,3201.0,0.36363636363636365,11
1208.0,111.0,0.39090909090909093,55
1208.0,3034.0,0.38461538461538464,13
1208.0,3730.0,0.3125,16
1208.0,930.0,0.36363636363636365,11
1208.0,2971.0,0.36363636363636365,11
1967.0,2078.0,0.35,10
1967.0,1020.0,0.4,10
1967.0,1587.0,0.35,10
2248.0,2890.0,0.38235294117647056,17
2248.0,921.0,0.3,10
2248.0,2333.0,0.38461538461538464,13
1221.0,64614.0,0.36666666666666664,15
2997.0,106920.0,0.36363636363636365,11
2997.0,1103.0,0.3055555555555556,18
2997.0,2917.0,0.3181818181818182,11
2997.0,928.0,0.36363636363636365,11
2997.0,3507.0,0.3181818181818182,11
3897.0,87232.0,0.3,10
3897.0,4128.0,0.35,10
3897.0,97921.0,0.25,10
3897.0,3435.0,0.3333333333333333,12
5995.0,72998.0,0.39285714285714285,14
5995.0,1203.0,0.23333333333333334,15
5995.0,1228.0,0.38461538461538464,13
5995.0,1945.0,0.3,10
5995.0,1103.0,0.4,10
5995.0,1955.0,0.375,12
5995.0,3683.0,0.3181818181818182,11
6711.0,2336.0,0.4,10
6711.0,1719.0,0.36363636363636365,11
6711.0,2243.0,0.4,10
6711.0,3095.0,0.2,10
6711.0,3683.0,0.34615384615384615,13
111.0,88744.0,0.375,12
111.0,1245.0,0.2647058823529412,17
111.0,1965.0,0.29411764705882354,17
2692.0,2467.0,0.4,10
2692.0,3363.0,0.4,10
2692.0,866.0,0.38461538461538464,13
2692.0,29.0,0.375,12
5952.0,4993.0,0.26646706586826346,167
32.0,3476.0,0.39473684210526316,19
32.0,5377.0,0.3235294117647059,17
32.0,3317.0,0.3333333333333333,18
32.0,4235.0,0.36666666666666664,15
32.0,1449.0,0.2692307692307692,13
2329.0,265.0,0.4,10
2329.0,94959.0,0.36363636363636365,11
2329.0,49530.0,0.4,15
4886.0,76093.0,0.34615384615384615,26
4886.0,1957.0,0.3076923076923077,13
4886.0,3471.0,0.34,25
4886.0,69481.0,0.375,16
4886.0,6807.0,0.38095238095238093,21
4886.0,3317.0,0.38461538461538464,13
4886.0,3504.0,0.375,12
33794.0,1060.0,0.25,14
33794.0,112852.0,0.4,25
33794.0,54997.0,0.25,18
64614.0,2716.0,0.4,15
64614.0,1682.0,0.35714285714285715,21
64614.0,2291.0,0.4,10
64614.0,44665.0,0.34615384615384615,13
64614.0,40819.0,0.4,10
904.0,246.0,0.35294117647058826,17
904.0,908.0,0.373015873015873,63
904.0,1945.0,0.38095238095238093,21
904.0,3095.0,0.4,20
904.0,3507.0,0.375,12
904.0,2971.0,0.4,10
1186.0,555.0,0.39285714285714285,14
1186.0,1994.0,0.32142857142857145,14
1186.0,3361.0,0.38461538461538464,13
1186.0,3471.0,0.375,12
1186.0,1641.0,0.3181818181818182,11
1186.0,1077.0,0.2,10
1186.0,1955.0,0.2916666666666667,12
1234.0,59315.0,0.3333333333333333,12
1234.0,6870.0,0.38461538461538464,13
1234.0,48516.0,0.4,10
1234.0,79132.0,0.3,10
1234.0,49272.0,0.3333333333333333,12
1234.0,2917.0,0.4,15
1234.0,3198.0,0.13636363636363635,11
1234.0,2132.0,0.39285714285714285,14
1234.0,3468.0,0.375,16
3755.0,788.0,0.39285714285714285,14
3755.0,45447.0,0.4,10
3911.0,44195.0,0.35,10
4979.0,3791.0,0.3,10
4979.0,3686.0,0.4,10
5418.0,5064.0,0.4,10
5418.0,54286.0,0.2717391304347826,46
5418.0,6281.0,0.4,20
5418.0,8665.0,0.32575757575757575,66
5418.0,6807.0,0.23076923076923078,13
5418.0,49530.0,0.375,24
5418.0,2803.0,0.4,10
5418.0,6385.0,0.36363636363636365,11
5418.0,8970.0,0.3611111111111111,18
5418.0,91542.0,0.36666666666666664,15
6539.0,2232.0,0.3076923076923077,13
6539.0,2707.0,0.3076923076923077,13
6539.0,1347.0,0.35,10
6539.0,3252.0,0.36363636363636365,11
6539.0,7099.0,0.36363636363636365,11
8961.0,3034.0,0.375,12
8961.0,3396.0,0.38461538461538464,13
48394.0,7147.0,0.38235294117647056,17
48394.0,68237.0,0.38461538461538464,13
48394.0,80463.0,0.4,10
48394.0,87232.0,0.3,10
50872.0,337.0,0.3181818181818182,11
50872.0,2700.0,0.4,10
50872.0,3471.0,0.4,10
50872.0,4848.0,0.3181818181818182,11
50872.0,88744.0,0.38461538461538464,13
54503.0,2987.0,0.39285714285714285,14
54503.0,88125.0,0.35,10
55820.0,96079.0,0.3333333333333333,12
55820.0,80463.0,0.38235294117647056,17
59315.0,31658.0,0.3,10
72226.0,3114.0,0.4,10
76093.0,5010.0,0.35,10
76093.0,85414.0,0.4,10
76093.0,111759.0,0.4,10
76251.0,96079.0,0.375,12
76251.0,8641.0,0.36363636363636365,11
76251.0,80463.0,0.4,15
379.0,1370.0,0.36363636363636365,11
1299.0,2791.0,0.28125,16
1299.0,3101.0,0.22727272727272727,11
1299.0,1193.0,0.3275862068965517,29
1299.0,1204.0,0.3888888888888889,18
1299.0,4034.0,0.35,10
1299.0,1203.0,0.3235294117647059,17
1299.0,1252.0,0.14583333333333334,24
1299.0,1262.0,0.21428571428571427,14
1299.0,3361.0,0.375,16
1299.0,1090.0,0.3333333333333333,18
1299.0,3363.0,0.39285714285714285,14
1299.0,1267.0,0.3888888888888889,18
1299.0,3730.0,0.2,10
1299.0,1104.0,0.35714285714285715,14
1299.0,2020.0,0.39473684210526316,19
1299.0,1304.0,0.35,20
1299.0,1945.0,0.23076923076923078,13
1299.0,3152.0,0.36363636363636365,11
1299.0,1103.0,0.2857142857142857,14
1299.0,1096.0,0.34615384615384615,13
1299.0,2352.0,0.23333333333333334,15
1299.0,954.0,0.35,10
1299.0,2019.0,0.35714285714285715,14
1299.0,955.0,0.25,12
1299.0,3683.0,0.20833333333333334,12
1957.0,916.0,0.3,10
3072.0,52.0,0.3181818181818182,11
3072.0,6377.0,0.35,10
3072.0,933.0,0.25,10
3072.0,1357.0,0.35,10
3698.0,1127.0,0.4,10
3698.0,2134.0,0.36363636363636365,11
74789.0,30793.0,0.3,10
150.0,2087.0,0.3888888888888889,18
150.0,3916.0,0.35,20
150.0,5630.0,0.3,15
150.0,72011.0,0.35,10
150.0,3360.0,0.38235294117647056,17
150.0,8958.0,0.3076923076923077,13
150.0,3699.0,0.4,10
150.0,2779.0,0.39285714285714285,14
150.0,2333.0,0.35,10
153.0,491.0,0.4,10
153.0,2088.0,0.20833333333333334,12
165.0,2161.0,0.4,15
165.0,799.0,0.25,10
165.0,1370.0,0.37755102040816324,49
165.0,2378.0,0.16666666666666666,12
165.0,3361.0,0.38461538461538464,13
165.0,4223.0,0.4,15
165.0,5956.0,0.38235294117647056,17
165.0,3254.0,0.2916666666666667,12
165.0,224.0,0.3888888888888889,18
165.0,29.0,0.36363636363636365,11
165.0,902.0,0.3076923076923077,13
165.0,3809.0,0.4,10
165.0,1614.0,0.3,10
165.0,3686.0,0.35,10
165.0,2792.0,0.35,10
168.0,185.0,0.30434782608695654,23
168.0,466.0,0.35714285714285715,14
168.0,5.0,0.36363636363636365,11
168.0,1092.0,0.2692307692307692,13
225.0,381.0,0.38461538461538464,13
225.0,552.0,0.3333333333333333,15
225.0,23.0,0.4,10
225.0,376.0,0.38461538461538464,13
261.0,2716.0,0.4,15
261.0,2406.0,0.3181818181818182,11
261.0,2916.0,0.4,10
261.0,2355.0,0.2727272727272727,11
261.0,4896.0,0.4,10
261.0,3435.0,0.4,10
261.0,2352.0,0.35,10
261.0,954.0,0.4,10
266.0,4014.0,0.4,10
292.0,4734.0,0.2727272727272727,11
300.0,232.0,0.375,12
300.0,475.0,0.23684210526315788,19
300.0,1127.0,0.39285714285714285,14
300.0,2080.0,0.34615384615384615,13
300.0,3101.0,0.34615384615384615,13
300.0,1466.0,0.2777777777777778,18
300.0,3360.0,0.3,10
300.0,1641.0,0.3333333333333333,15
300.0,1719.0,0.375,12
300.0,1096.0,0.38461538461538464,13
300.0,2739.0,0.3181818181818182,11
300.0,2245.0,0.4,10
300.0,2917.0,0.4,10
300.0,1077.0,0.2,15
349.0,2096.0,0.25,10
349.0,2528.0,0.375,12
349.0,2391.0,0.32142857142857145,14
349.0,1645.0,0.3684210526315789,19
349.0,3256.0,0.3793103448275862,29
349.0,3361.0,0.36666666666666664,15
349.0,3735.0,0.36363636363636365,11
349.0,6188.0,0.2727272727272727,11
349.0,3740.0,0.36363636363636365,11
349.0,4623.0,0.3181818181818182,11
349.0,805.0,0.35294117647058826,17
349.0,1272.0,0.35714285714285715,14
349.0,2788.0,0.3,10
350.0,428.0,0.4,10
350.0,22.0,0.36666666666666664,15
350.0,2803.0,0.36363636363636365,11
410.0,3948.0,0.3888888888888889,18
410.0,4022.0,0.34615384615384615,13
410.0,5445.0,0.36666666666666664,15
410.0,1027.0,0.2692307692307692,13
410.0,3175.0,0.2916666666666667,12
410.0,832.0,0.4,15
410.0,4246.0,0.15,10
410.0,3408.0,0.2916666666666667,12
410.0,1722.0,0.3,10
410.0,1388.0,0.4,10
457.0,68237.0,0.4,10
457.0,69481.0,0.36363636363636365,11
457.0,82459.0,0.375,12
434.0,170.0,0.375,12
434.0,2124.0,0.26666666666666666,15
434.0,2161.0,0.34375,16
434.0,2273.0,0.36363636363636365,11
434.0,494.0,0.34615384615384615,13
434.0,376.0,0.23076923076923078,13
434.0,2805.0,0.3,10
434.0,203.0,0.36363636363636365,11
440.0,8360.0,0.34615384615384615,13
440.0,933.0,0.38461538461538464,13
440.0,2094.0,0.35714285714285715,14
440.0,8464.0,0.4,15
231.0,44199.0,0.2916666666666667,12
231.0,97921.0,0.4,10
344.0,3173.0,0.4,15
2.0,30825.0,0.35,10
2.0,852.0,0.4,10
2.0,2496.0,0.3,10
2.0,830.0,0.3,10
44.0,145.0,0.23076923076923078,13
252.0,491.0,0.3181818181818182,11
252.0,256.0,0.34615384615384615,13
337.0,249.0,0.4,10
337.0,2391.0,0.36363636363636365,11
337.0,3160.0,0.3888888888888889,18
337.0,46578.0,0.39285714285714285,14
337.0,1245.0,0.375,12
337.0,3435.0,0.3333333333333333,12
337.0,5013.0,0.36363636363636365,11
337.0,1103.0,0.28125,16
337.0,2739.0,0.34615384615384615,13
337.0,3683.0,0.375,12
428.0,2916.0,0.4,10
52.0,1466.0,0.3181818181818182,11
52.0,1321.0,0.3181818181818182,11
52.0,2020.0,0.21428571428571427,14
52.0,1096.0,0.38461538461538464,13
52.0,2917.0,0.3,10
52.0,1292.0,0.375,12
52.0,1663.0,0.4,10
52.0,1077.0,0.2692307692307692,13
52.0,3683.0,0.36363636363636365,11
52.0,492.0,0.375,12
253.0,2094.0,0.25,10
265.0,232.0,0.3235294117647059,17
265.0,596.0,0.38461538461538464,13
265.0,4995.0,0.34615384615384615,13
265.0,3408.0,0.38461538461538464,13
273.0,485.0,0.4,10
454.0,2124.0,0.28125,16
454.0,2406.0,0.38095238095238093,21
454.0,2167.0,0.39285714285714285,14
454.0,2470.0,0.3695652173913043,23
454.0,1019.0,0.2727272727272727,11
454.0,2792.0,0.35,10
509.0,1175.0,0.3,10
515.0,307.0,0.35,10
515.0,1358.0,0.36363636363636365,11
515.0,913.0,0.38461538461538464,13
515.0,1267.0,0.35,10
515.0,1254.0,0.3,10
515.0,1296.0,0.36363636363636365,11
515.0,2019.0,0.4,10
586.0,2094.0,0.36363636363636365,11
586.0,1835.0,0.36666666666666664,15
593.0,954.0,0.3958333333333333,24
431.0,6870.0,0.4,10
431.0,2231.0,0.375,12
1356.0,1396.0,0.35,20
1356.0,5816.0,0.3,15
1356.0,6863.0,0.36363636363636365,11
1356.0,4128.0,0.4,10
1356.0,3044.0,0.25,10
597.0,170.0,0.2,15
597.0,4718.0,0.39285714285714285,14
788.0,140.0,0.4,10
293.0,3703.0,0.4,15
293.0,1357.0,0.13333333333333333,15
45.0,538.0,0.36363636363636365,11
45.0,1081.0,0.36363636363636365,11
45.0,1077.0,0.3,10
282.0,348.0,0.4,10
282.0,802.0,0.36666666666666664,15
524.0,733.0,0.35714285714285715,14
524.0,62.0,0.4,15
524.0,3247.0,0.3,10
543.0,2580.0,0.375,12
543.0,2700.0,0.375,12
36.0,529.0,0.38095238095238093,21
36.0,2739.0,0.38461538461538464,13
6.0,175.0,0.25,10
16.0,68157.0,0.3333333333333333,18
16.0,68237.0,0.3333333333333333,12
16.0,80463.0,0.3333333333333333,15
16.0,106782.0,0.4,10
16.0,968.0,0.3333333333333333,12
16.0,82459.0,0.36363636363636365,11
16.0,1254.0,0.4,10
16.0,898.0,0.3181818181818182,11
16.0,1357.0,0.4,10
16.0,2065.0,0.4,10
25.0,1994.0,0.36363636363636365,11
25.0,2124.0,0.36363636363636365,11
25.0,8784.0,0.35,10
25.0,4262.0,0.4,10
25.0,6870.0,0.2916666666666667,12
25.0,3499.0,0.3684210526315789,19
25.0,2067.0,0.20833333333333334,12
25.0,8464.0,0.3181818181818182,11
25.0,125.0,0.39285714285714285,14
145.0,2717.0,0.375,12
246.0,1204.0,0.34375,16
246.0,1228.0,0.38636363636363635,22
246.0,903.0,0.38461538461538464,13
246.0,908.0,0.29411764705882354,17
246.0,1267.0,0.2647058823529412,17
246.0,1292.0,0.36363636363636365,11
288.0,3740.0,0.4,10
306.0,307.0,0.24,25
306.0,308.0,0.13157894736842105,19
306.0,1222.0,0.35,10
306.0,750.0,0.3,10
307.0,308.0,0.2222222222222222,18
481.0,180.0,0.4,10
348.0,2355.0,0.4,10
348.0,1203.0,0.2916666666666667,12
348.0,1084.0,0.36666666666666664,15
348.0,1096.0,0.375,12
348.0,2750.0,0.4,10
348.0,921.0,0.3,10
348.0,2065.0,0.18181818181818182,11
58.0,2324.0,0.3181818181818182,11
58.0,529.0,0.25,10
249.0,555.0,0.3,10
412.0,838.0,0.35,10
475.0,1358.0,0.15,10
475.0,2324.0,0.4,10
368.0,22.0,0.39285714285714285,14
368.0,2353.0,0.38636363636363635,22
368.0,1792.0,0.4,10
368.0,3005.0,0.3,10
368.0,376.0,0.2727272727272727,11
368.0,2803.0,0.3181818181818182,11
368.0,3450.0,0.4,15
256.0,485.0,0.32142857142857145,14
47.0,51540.0,0.34375,16
47.0,2788.0,0.3,10
47.0,1354.0,0.35714285714285715,14
22.0,2273.0,0.4,10
22.0,628.0,0.35714285714285715,14
22.0,1805.0,0.2727272727272727,11
170.0,1370.0,0.36363636363636365,11
170.0,11.0,0.3,10
180.0,4105.0,0.35,10
353.0,2140.0,0.16666666666666666,12
353.0,4262.0,0.4,10
353.0,4085.0,0.35714285714285715,14
353.0,5903.0,0.4,10
353.0,4105.0,0.4,10
353.0,741.0,0.22727272727272727,11
353.0,1587.0,0.36363636363636365,11
353.0,2423.0,0.3,10
555.0,69.0,0.4,10
555.0,3101.0,0.35,10
555.0,628.0,0.2916666666666667,12
555.0,6708.0,0.4,10
555.0,2243.0,0.2,10
555.0,2352.0,0.4,10
555.0,1077.0,0.3,10
648.0,280.0,0.3076923076923077,13
648.0,8958.0,0.3333333333333333,15
648.0,468.0,0.4,15
648.0,44022.0,0.375,12
69.0,2174.0,0.25,10
69.0,4011.0,0.36363636363636365,11
69.0,2700.0,0.35,10
39.0,2161.0,0.38461538461538464,13
39.0,262.0,0.4,10
39.0,921.0,0.3,10
235.0,3476.0,0.35714285714285715,14
235.0,4848.0,0.3333333333333333,12
235.0,68157.0,0.3,10
235.0,1321.0,0.34615384615384615,13
235.0,2750.0,0.4,10
235.0,2917.0,0.4,10
235.0,2398.0,0.4,10
319.0,1997.0,0.4,10
319.0,1500.0,0.36363636363636365,11
319.0,1527.0,0.36363636363636365,11
319.0,3499.0,0.3,10
474.0,628.0,0.2894736842105263,19
474.0,2231.0,0.34375,16
474.0,3160.0,0.3333333333333333,12
474.0,6188.0,0.3333333333333333,12
474.0,1272.0,0.3076923076923077,13
474.0,3107.0,0.18181818181818182,11
474.0,2739.0,0.4,10
474.0,2359.0,0.25,10
497.0,1962.0,0.35,10
585.0,2405.0,0.3181818181818182,11
1580.0,3844.0,0.32142857142857145,14
1580.0,1283.0,0.15,10
1580.0,2788.0,0.4,10
1884.0,6870.0,0.38461538461538464,13
1884.0,68237.0,0.375,12
1884.0,40819.0,0.35,10
2716.0,48774.0,0.38235294117647056,17
2716.0,68237.0,0.38461538461538464,13
2716.0,1025.0,0.2916666666666667,12
2716.0,8958.0,0.36363636363636365,11
2716.0,2788.0,0.39285714285714285,14
2762.0,2739.0,0.325,20
2762.0,3198.0,0.3,15
2762.0,6296.0,0.375,16
2762.0,115617.0,0.4,10
2858.0,3198.0,0.4,15
2858.0,2971.0,0.4,15
3949.0,3083.0,0.2,10
5349.0,77561.0,0.3888888888888889,18
5349.0,2423.0,0.35,10
5669.0,3263.0,0.38461538461538464,13
5669.0,44199.0,0.3,10
5669.0,80463.0,0.4,10
5669.0,3317.0,0.39285714285714285,14
6377.0,1259.0,0.38235294117647056,34
6377.0,2087.0,0.375,12
6377.0,3034.0,0.38461538461538464,13
6377.0,5954.0,0.39285714285714285,14
6377.0,61024.0,0.25,10
6377.0,1281.0,0.3,10
596.0,1032.0,0.3333333333333333,27
596.0,1387.0,0.3888888888888889,27
596.0,2087.0,0.3888888888888889,27
596.0,2161.0,0.4,15
596.0,930.0,0.35,10
596.0,928.0,0.3333333333333333,12
596.0,2366.0,0.36363636363636365,11
596.0,2141.0,0.39285714285714285,14
919.0,7090.0,0.375,12
919.0,930.0,0.34615384615384615,13
919.0,2010.0,0.3,10
1022.0,4022.0,0.39473684210526316,19
1022.0,3916.0,0.375,12
1022.0,2394.0,0.4,15
1022.0,1262.0,0.3076923076923077,13
1022.0,3967.0,0.2727272727272727,11
1022.0,4002.0,0.3,10
1022.0,3421.0,0.2727272727272727,11
1022.0,2949.0,0.25,10
1022.0,1357.0,0.35,10
1032.0,2161.0,0.2916666666666667,12
1032.0,1358.0,0.36363636363636365,11
1032.0,2985.0,0.375,12
1032.0,1025.0,0.3611111111111111,18
1032.0,2640.0,0.34375,16
1032.0,616.0,0.32142857142857145,14
1033.0,2078.0,0.36363636363636365,11
1033.0,2080.0,0.2727272727272727,11
1033.0,1025.0,0.32142857142857145,14
1033.0,1031.0,0.3,10
1127.0,1396.0,0.3888888888888889,27
1127.0,2087.0,0.35714285714285715,14
1127.0,3101.0,0.4,20
1127.0,2890.0,0.3888888888888889,18
1127.0,4262.0,0.3333333333333333,12
1127.0,48516.0,0.2727272727272727,11
1127.0,79132.0,0.36363636363636365,11
1127.0,4776.0,0.4,15
1127.0,5010.0,0.38461538461538464,13
1127.0,49272.0,0.25,10
1127.0,2100.0,0.35714285714285715,21
1127.0,2478.0,0.34615384615384615,13
1127.0,2085.0,0.36363636363636365,11
1127.0,911.0,0.4,10
1127.0,1135.0,0.4,10
1127.0,3409.0,0.4,10
1127.0,2141.0,0.35,10
1200.0,2078.0,0.30952380952380953,21
1200.0,69757.0,0.39285714285714285,14
1200.0,2398.0,0.4,10
1213.0,4105.0,0.35,10
1213.0,2186.0,0.38235294117647056,17
1213.0,1283.0,0.39285714285714285,14
1213.0,3307.0,0.3611111111111111,18
1213.0,5782.0,0.4,10
1214.0,164.0,0.39285714285714285,14
1214.0,3683.0,0.3076923076923077,13
1222.0,3298.0,0.4,10
1222.0,1060.0,0.39473684210526316,19
1222.0,1411.0,0.4,10
1258.0,741.0,0.375,12
1258.0,1254.0,0.3,10
1258.0,1945.0,0.2727272727272727,11
1258.0,2245.0,0.375,12
1258.0,2398.0,0.3181818181818182,11
1259.0,2761.0,0.3611111111111111,18
1259.0,88125.0,0.4,10
1259.0,6440.0,0.36666666666666664,15
1259.0,1274.0,0.38461538461538464,13
1259.0,1982.0,0.3,15
1259.0,4128.0,0.3,10
1259.0,3526.0,0.375,16
1259.0,934.0,0.3333333333333333,12
1259.0,2010.0,0.4,10
1259.0,3396.0,0.34375,16
1282.0,2289.0,0.38235294117647056,17
1282.0,8784.0,0.4,10
1282.0,1466.0,0.36363636363636365,11
1282.0,3252.0,0.36363636363636365,11
1282.0,933.0,0.38461538461538464,13
1282.0,2917.0,0.35,10
1282.0,3396.0,0.3333333333333333,15
1285.0,1994.0,0.3888888888888889,18
1285.0,2161.0,0.375,12
1285.0,35836.0,0.375,12
1285.0,74458.0,0.3,10
1285.0,1321.0,0.29411764705882354,17
1285.0,1982.0,0.35714285714285715,14
1285.0,4128.0,0.25,10
1285.0,538.0,0.375,12
1285.0,2795.0,0.3076923076923077,13
1377.0,2134.0,0.375,16
1377.0,52973.0,0.4,10
1377.0,4161.0,0.4,10
1380.0,3791.0,0.25,16
1380.0,4901.0,0.3181818181818182,11
1380.0,4489.0,0.4,10
1387.0,3034.0,0.3888888888888889,18
1387.0,3499.0,0.4,25
1387.0,48774.0,0.3076923076923077,13
1387.0,51540.0,0.2727272727272727,11
1387.0,8958.0,0.375,12
1387.0,3198.0,0.3076923076923077,13
1387.0,1283.0,0.35714285714285715,14
1387.0,2313.0,0.4,20
1396.0,3034.0,0.3,10
1396.0,3948.0,0.35294117647058826,17
1396.0,33493.0,0.34615384615384615,13
1396.0,2871.0,0.35714285714285715,14
1396.0,3252.0,0.25,10
1396.0,3526.0,0.34615384615384615,13
1396.0,805.0,0.34615384615384615,13
1396.0,2739.0,0.3181818181818182,11
1544.0,5219.0,0.4,10
1674.0,3034.0,0.4,10
1674.0,5464.0,0.4,10
1674.0,2915.0,0.4,20
1674.0,2947.0,0.35294117647058826,17
1674.0,3735.0,0.4,15
1674.0,2243.0,0.39473684210526316,19
1674.0,933.0,0.4,15
1674.0,6979.0,0.4,10
1674.0,915.0,0.375,12
1954.0,3034.0,0.32142857142857145,14
1961.0,6870.0,0.36538461538461536,26
1961.0,46976.0,0.35714285714285715,14
1961.0,48780.0,0.4,15
1961.0,109487.0,0.36363636363636365,11
1961.0,2268.0,0.35555555555555557,45
1961.0,1945.0,0.38235294117647056,17
1961.0,3201.0,0.3,15
1961.0,2010.0,0.375,12
1968.0,5673.0,0.34375,16
1968.0,49530.0,0.375,12
1968.0,3363.0,0.4,20
1968.0,3844.0,0.19230769230769232,13
1968.0,1019.0,0.4,10
1968.0,38038.0,0.3333333333333333,12
1968.0,2010.0,0.3,10
1994.0,4022.0,0.39285714285714285,14
1994.0,628.0,0.25,10
1994.0,3361.0,0.22727272727272727,11
1994.0,3418.0,0.3,10
1994.0,2020.0,0.25,12
1994.0,1956.0,0.3181818181818182,11
1994.0,2245.0,0.25,10
1994.0,2085.0,0.4,10
2000.0,2707.0,0.3333333333333333,15
2000.0,5903.0,0.3076923076923077,13
2000.0,6708.0,0.375,12
2000.0,3252.0,0.39285714285714285,14
2000.0,4128.0,0.2727272727272727,11
2000.0,40819.0,0.36363636363636365,11
2000.0,2398.0,0.375,12
2003.0,2133.0,0.25,10
2003.0,2405.0,0.38461538461538464,13
2005.0,1921.0,0.3333333333333333,12
2005.0,2371.0,0.34615384615384615,13
2021.0,2124.0,0.3,10
2021.0,2683.0,0.36363636363636365,11
2021.0,1552.0,0.3,10
2078.0,4995.0,0.4,15
2078.0,2291.0,0.4,20
2078.0,2948.0,0.4,10
2078.0,2991.0,0.3181818181818182,11
2078.0,2949.0,0.4,10
2078.0,1171.0,0.4,10
2078.0,1955.0,0.4,10
2080.0,616.0,0.39285714285714285,14
2080.0,2641.0,0.3181818181818182,11
2081.0,3916.0,0.39285714285714285,14
2081.0,3361.0,0.3125,16
2087.0,1262.0,0.4,10
2087.0,8665.0,0.4,10
2087.0,616.0,0.36363636363636365,11
2087.0,3396.0,0.2,10
2096.0,2406.0,0.38235294117647056,17
2115.0,96079.0,0.4,10
2115.0,4855.0,0.38461538461538464,13
2115.0,2863.0,0.38461538461538464,13
2115.0,934.0,0.25,10
2124.0,733.0,0.3888888888888889,18
2124.0,3081.0,0.36666666666666664,15
2124.0,3256.0,0.3,15
2124.0,2803.0,0.35,10
2124.0,1513.0,0.3333333333333333,12
2124.0,2141.0,0.4,10
2140.0,2134.0,0.3181818181818182,11
2144.0,8874.0,0.3333333333333333,12
2161.0,3034.0,0.3333333333333333,12
2161.0,4022.0,0.3076923076923077,13
2161.0,1876.0,0.38461538461538464,13
2161.0,3033.0,0.3235294117647059,17
2161.0,4085.0,0.3181818181818182,11
2161.0,3252.0,0.4,10
2161.0,1025.0,0.3,10
2161.0,2405.0,0.3181818181818182,11
2161.0,661.0,0.19230769230769232,13
2174.0,1025.0,0.36363636363636365,11
2174.0,3791.0,0.4,10
2174.0,1175.0,0.375,12
2194.0,3448.0,0.3939393939393939,33
2194.0,6440.0,0.3125,16
2194.0,1185.0,0.3,15
2194.0,361.0,0.4,10
2194.0,933.0,0.3333333333333333,12
2194.0,3396.0,0.3235294117647059,17
2289.0,3481.0,0.39473684210526316,19
2289.0,1028.0,0.38235294117647056,17
2289.0,1104.0,0.36666666666666664,15
2289.0,1719.0,0.38461538461538464,13
2289.0,1296.0,0.3181818181818182,11
2289.0,2064.0,0.1590909090909091,22
2289.0,3246.0,0.2916666666666667,12
2289.0,125.0,0.2727272727272727,11
2406.0,6502.0,0.35,10
2406.0,8798.0,0.3333333333333333,12
2406.0,11.0,0.4,25
2406.0,1688.0,0.35,10
2406.0,3386.0,0.38461538461538464,13
2406.0,6979.0,0.375,16
2406.0,1693.0,0.36363636363636365,11
2406.0,3809.0,0.375,12
2467.0,4011.0,0.36363636363636365,11
2467.0,1527.0,0.38461538461538464,13
2467.0,2542.0,0.3,10
2683.0,4734.0,0.38235294117647056,17
2683.0,830.0,0.35,10
2683.0,3686.0,0.35,10
2699.0,3740.0,0.4,10
2723.0,2335.0,0.3,10
2723.0,3247.0,0.35,10
2791.0,4623.0,0.35714285714285715,14
2791.0,1296.0,0.3333333333333333,12
2791.0,3868.0,0.3958333333333333,24
2797.0,54001.0,0.4,10
2797.0,69481.0,0.4,10
2797.0,8958.0,0.25,14
2804.0,4128.0,0.35,10
2804.0,969.0,0.3611111111111111,18
2804.0,3201.0,0.3181818181818182,11
2804.0,916.0,0.34615384615384615,13
2804.0,945.0,0.4,10
2804.0,5444.0,0.4,10
2916.0,3252.0,0.32142857142857145,14
2916.0,30793.0,0.3235294117647059,17
2916.0,2565.0,0.35,10
2918.0,1249.0,0.4,15
2987.0,5956.0,0.38461538461538464,13
2987.0,3198.0,0.3,10
3034.0,1199.0,0.4,10
3034.0,1266.0,0.35714285714285715,14
3034.0,2985.0,0.2727272727272727,11
3101.0,3361.0,0.36666666666666664,15
3101.0,4007.0,0.4,10
3101.0,1267.0,0.25,10
3101.0,2020.0,0.35714285714285715,14
3101.0,2352.0,0.3333333333333333,12
3101.0,2094.0,0.4,10
3101.0,1955.0,0.25,12
3104.0,1084.0,0.4,10
3104.0,1945.0,0.4,10
3104.0,3152.0,0.4,10
3104.0,1269.0,0.35,10
3104.0,1958.0,0.3076923076923077,13
3104.0,2064.0,0.36363636363636365,11
3108.0,5902.0,0.4,10
3108.0,6807.0,0.2727272727272727,11
3108.0,1103.0,0.35,10
3210.0,2139.0,0.36363636363636365,11
3210.0,3916.0,0.375,12
3210.0,2947.0,0.375,20
3210.0,1982.0,0.2727272727272727,11
3210.0,2949.0,0.4,10
3210.0,2094.0,0.4,10
3210.0,1081.0,0.2916666666666667,12
3210.0,2463.0,0.4,10
3210.0,3686.0,0.4,10
3255.0,4720.0,0.38461538461538464,13
3263.0,5902.0,0.4,10
3263.0,2407.0,0.4,10
1193.0,51540.0,0.36363636363636365,11
1193.0,1945.0,0.34782608695652173,23
1193.0,194.0,0.39285714285714285,14
1193.0,1250.0,0.37777777777777777,45
1193.0,3083.0,0.25,10
1393.0,4007.0,0.375,12
1393.0,52973.0,0.3,10
1393.0,3526.0,0.375,16
1393.0,3107.0,0.34375,16
1485.0,4701.0,0.39285714285714285,14
1485.0,4890.0,0.4,10
1682.0,30749.0,0.39473684210526316,19
1682.0,2391.0,0.38235294117647056,17
1682.0,61323.0,0.3333333333333333,21
1682.0,109374.0,0.3611111111111111,18
1682.0,115713.0,0.4,10
1682.0,647.0,0.375,12
1682.0,2359.0,0.375,12
1777.0,5103.0,0.35,10
1784.0,2971.0,0.36363636363636365,11
1923.0,3686.0,0.34615384615384615,13
1923.0,2971.0,0.4,10
1997.0,48780.0,0.4,10
1997.0,1175.0,0.375,12
2023.0,8798.0,0.4,10
2023.0,2478.0,0.4,10
2023.0,6979.0,0.4,10
2273.0,1909.0,0.375,12
2273.0,628.0,0.3,10
2273.0,2139.0,0.4,10
2273.0,2058.0,0.375,12
2273.0,4701.0,0.25,14
2273.0,6537.0,0.36363636363636365,11
2273.0,1345.0,0.4,10
2273.0,30793.0,0.35714285714285715,14
2273.0,3510.0,0.375,12
2273.0,2002.0,0.375,12
2273.0,2085.0,0.36363636363636365,11
2273.0,8464.0,0.3333333333333333,12
2355.0,163.0,0.4,25
2355.0,741.0,0.4,10
2355.0,647.0,0.4,10
2355.0,2020.0,0.4,10
2355.0,1269.0,0.34375,16
2424.0,914.0,0.39285714285714285,14
2424.0,3825.0,0.35,10
2424.0,361.0,0.34615384615384615,13
2706.0,4865.0,0.34615384615384615,13
2706.0,5872.0,0.3888888888888889,18
2706.0,45499.0,0.4,15
3114.0,922.0,0.3333333333333333,12
3114.0,3825.0,0.3,10
3114.0,3396.0,0.28125,16
3753.0,4701.0,0.35,10
3753.0,7458.0,0.38461538461538464,13
3948.0,69481.0,0.4,10
3948.0,3252.0,0.3333333333333333,12
3948.0,2687.0,0.4,15
3948.0,376.0,0.3,10
3948.0,3507.0,0.3,10
3948.0,1449.0,0.375,12
3948.0,44022.0,0.36363636363636365,11
3948.0,33615.0,0.38461538461538464,13
3948.0,2423.0,0.20833333333333334,12
4014.0,4239.0,0.2857142857142857,14
4014.0,5956.0,0.3181818181818182,11
4014.0,6708.0,0.4,10
4014.0,2687.0,0.25,10
4014.0,62.0,0.3333333333333333,15
4014.0,6385.0,0.4,10
4018.0,3986.0,0.3,10
4018.0,53125.0,0.3,10
4306.0,5103.0,0.36666666666666664,15
4306.0,4008.0,0.4,10
4718.0,2717.0,0.3181818181818182,11
4718.0,3082.0,0.3181818181818182,11
4718.0,1717.0,0.4,10
4963.0,5064.0,0.35294117647058826,17
4963.0,1748.0,0.3333333333333333,24
4963.0,68358.0,0.391304347826087,23
4963.0,87232.0,0.3333333333333333,15
4963.0,3252.0,0.36666666666666664,15
4963.0,1688.0,0.25,10
4963.0,3686.0,0.39285714285714285,14
4995.0,628.0,0.38235294117647056,17
4995.0,64957.0,0.39473684210526316,19
4995.0,112552.0,0.375,12
4995.0,3252.0,0.34615384615384615,13
4995.0,1357.0,0.36363636363636365,11
4995.0,3507.0,0.4,10
4995.0,1441.0,0.35,10
5266.0,6281.0,0.26666666666666666,15
5266.0,2420.0,0.4,10
5266.0,62.0,0.4,10
5299.0,34162.0,0.36363636363636365,11
5299.0,38038.0,0.4,10
5816.0,8368.0,0.3103448275862069,58
5816.0,4896.0,0.2676056338028169,71
5816.0,2394.0,0.38461538461538464,13
5816.0,3081.0,0.38095238095238093,21
5816.0,40815.0,0.2619047619047619,42
5816.0,54001.0,0.2037037037037037,27
5816.0,77561.0,0.36363636363636365,11
5816.0,69844.0,0.25,22
5816.0,914.0,0.375,12
5816.0,1907.0,0.34375,16
5816.0,73017.0,0.36666666666666664,15
5816.0,81847.0,0.375,12
6218.0,2908.0,0.2727272727272727,11
6373.0,466.0,0.375,12
6373.0,1020.0,0.4,10
6502.0,3916.0,0.36363636363636365,11
6502.0,1175.0,0.4,10
8644.0,5630.0,0.4,10
8644.0,4734.0,0.4,10
8644.0,6754.0,0.36363636363636365,11
30707.0,30749.0,0.3333333333333333,21
30707.0,6296.0,0.35,10
30749.0,78499.0,0.3,10
30749.0,1219.0,0.3333333333333333,12
30749.0,5225.0,0.35,10
34162.0,163.0,0.3,10
34162.0,7293.0,0.36363636363636365,11
34162.0,8528.0,0.35714285714285715,21
34162.0,2268.0,0.13636363636363635,11
35836.0,2985.0,0.39285714285714285,14
35836.0,38038.0,0.4,10
41566.0,59784.0,0.4,15
41566.0,5103.0,0.375,12
41569.0,2671.0,0.4,10
41569.0,8464.0,0.4,10
48385.0,81562.0,0.22727272727272727,11
48385.0,3476.0,0.15,10
1204.0,3462.0,0.3181818181818182,11
1358.0,1199.0,0.34615384615384615,13
1639.0,49272.0,0.3333333333333333,12
1876.0,2100.0,0.3125,16
1876.0,1717.0,0.4,10
2528.0,2139.0,0.35,10
2528.0,1690.0,0.38461538461538464,13
2529.0,2890.0,0.32142857142857145,14
2529.0,1673.0,0.4,10
2529.0,1912.0,0.4,10
2529.0,2871.0,0.34615384615384615,13
2529.0,1921.0,0.375,12
2529.0,1722.0,0.35,10
2529.0,1960.0,0.36363636363636365,11
2529.0,3686.0,0.2916666666666667,12
2761.0,1199.0,0.36363636363636365,11
2761.0,4246.0,0.36363636363636365,11
2761.0,661.0,0.4,10
2890.0,2394.0,0.35,10
2890.0,1466.0,0.26666666666666666,15
2890.0,2985.0,0.34375,16
2890.0,3791.0,0.35,10
2890.0,3386.0,0.4,15
2890.0,2944.0,0.4,10
2890.0,2064.0,0.35714285714285715,14
3052.0,471.0,0.3125,16
3052.0,4499.0,0.34615384615384615,13
3052.0,3396.0,0.3333333333333333,12
3751.0,916.0,0.36363636363636365,11
3751.0,2463.0,0.35,10
3751.0,2944.0,0.36363636363636365,11
4641.0,1203.0,0.32142857142857145,14
4641.0,1084.0,0.35,10
4641.0,6979.0,0.35,10
4975.0,7254.0,0.35,10
8368.0,3916.0,0.39285714285714285,14
8368.0,4896.0,0.3358208955223881,67
8368.0,6281.0,0.3181818181818182,11
8368.0,40815.0,0.2692307692307692,52
8368.0,54001.0,0.20967741935483872,31
8368.0,69844.0,0.3125,24
8368.0,38038.0,0.34375,16
8784.0,1500.0,0.39473684210526316,19
8784.0,6385.0,0.4,10
8874.0,785.0,0.4,10
8874.0,81834.0,0.375,12
520.0,203.0,0.4,10
520.0,3258.0,0.35,10
628.0,5989.0,0.3235294117647059,17
628.0,2599.0,0.36666666666666664,15
628.0,2020.0,0.35,10
628.0,94.0,0.2,10
1500.0,4848.0,0.3181818181818182,11
1500.0,1249.0,0.3333333333333333,15
1617.0,3683.0,0.39473684210526316,19
1617.0,38038.0,0.35,10
1617.0,2971.0,0.39285714285714285,14
1625.0,3476.0,0.35294117647058826,17
1625.0,48780.0,0.375,12
1625.0,3252.0,0.25,12
1625.0,37733.0,0.4,10
1625.0,49530.0,0.4,10
1625.0,1175.0,0.3181818181818182,11
1704.0,96079.0,0.35,10
1704.0,106782.0,0.34375,16
1704.0,54997.0,0.3,10
2139.0,1645.0,0.4,10
2139.0,4016.0,0.35,10
2302.0,6870.0,0.39285714285714285,14
2302.0,224.0,0.36363636363636365,11
2302.0,1678.0,0.38461538461538464,13
2302.0,3844.0,0.25,10
2302.0,2423.0,0.375,12
2324.0,3361.0,0.35714285714285715,21
2324.0,1411.0,0.2727272727272727,11
2353.0,1479.0,0.375,16
2353.0,6281.0,0.3684210526315789,19
2353.0,2803.0,0.20833333333333334,12
2353.0,45517.0,0.3181818181818182,11
3147.0,47099.0,0.4,10
3147.0,3844.0,0.4,10
3916.0,733.0,0.34615384615384615,13
3916.0,1027.0,0.38461538461538464,13
3916.0,4701.0,0.4,10
3916.0,51662.0,0.3333333333333333,12
3916.0,6565.0,0.3181818181818182,11
3916.0,3510.0,0.15,10
3916.0,8970.0,0.4,10
3996.0,4128.0,0.34615384615384615,13
3996.0,54997.0,0.4,10
3996.0,6787.0,0.2857142857142857,14
3996.0,1955.0,0.36666666666666664,15
4011.0,2542.0,0.3125,56
4011.0,87232.0,0.34615384615384615,13
4011.0,741.0,0.35,10
4011.0,92259.0,0.4,10
4034.0,2871.0,0.4,15
4034.0,70286.0,0.4,10
4034.0,3201.0,0.4,10
4034.0,3683.0,0.23333333333333334,15
4896.0,3745.0,0.2,10
4896.0,40815.0,0.37,50
4896.0,54001.0,0.35,30
4896.0,77561.0,0.2727272727272727,11
4896.0,88140.0,0.2727272727272727,11
4896.0,69844.0,0.2391304347826087,23
4896.0,916.0,0.35,10
4896.0,2641.0,0.38461538461538464,13
4896.0,91542.0,0.2727272727272727,11
5064.0,733.0,0.4,10
5064.0,1027.0,0.2916666666666667,12
5064.0,3793.0,0.36666666666666664,15
5064.0,2011.0,0.38461538461538464,13
5378.0,2058.0,0.4,10
5378.0,2803.0,0.4,10
5445.0,54997.0,0.3333333333333333,12
5445.0,1907.0,0.4,15
5630.0,4223.0,0.4,10
5630.0,5903.0,0.4,10
5630.0,2268.0,0.35,10
5989.0,2391.0,0.35,10
5989.0,104841.0,0.36363636363636365,11
5989.0,2288.0,0.35,10
5989.0,3735.0,0.2727272727272727,11
5989.0,5103.0,0.36666666666666664,15
5989.0,3683.0,0.4,10
5989.0,6296.0,0.3076923076923077,13
6870.0,1094.0,0.4,10
6870.0,1748.0,0.3,10
6870.0,2871.0,0.3,10
6870.0,4085.0,0.2916666666666667,12
6870.0,40819.0,0.35714285714285715,14
6870.0,1641.0,0.3181818181818182,11
6874.0,7438.0,0.35,90
6874.0,58998.0,0.36363636363636365,11
6874.0,3252.0,0.35,10
6874.0,54997.0,0.22727272727272727,11
6874.0,29.0,0.25,12
7143.0,3256.0,0.4,10
7438.0,3275.0,0.4,15
7438.0,5782.0,0.25,12
32587.0,68237.0,0.25,14
32587.0,54997.0,0.2727272727272727,11
32587.0,805.0,0.4,10
33493.0,1907.0,0.375,12
608.0,69481.0,0.34615384615384615,13
608.0,1945.0,0.32608695652173914,23
733.0,2394.0,0.35,10
733.0,163.0,0.39655172413793105,29
733.0,2058.0,0.32608695652173914,23
733.0,2746.0,0.3888888888888889,18
733.0,538.0,0.4,10
733.0,1958.0,0.36363636363636365,11
733.0,535.0,0.375,12
733.0,3686.0,0.34615384615384615,13
733.0,3186.0,0.4,10
1584.0,3298.0,0.375,12
1584.0,4007.0,0.375,12
1584.0,3317.0,0.3235294117647059,17
2278.0,2707.0,0.35,10
2291.0,88125.0,0.4,10
2291.0,30812.0,0.38235294117647056,17
2291.0,4105.0,0.4,10
2291.0,6807.0,0.3235294117647059,17
2291.0,303.0,0.35,10
2291.0,2949.0,0.4,15
2291.0,2501.0,0.32142857142857145,14
2291.0,2739.0,0.3076923076923077,13
2291.0,5782.0,0.35,10
2291.0,1249.0,0.38235294117647056,17
2291.0,38038.0,0.3333333333333333,12
2391.0,441.0,0.4,10
2391.0,1094.0,0.35714285714285715,14
2391.0,2580.0,0.35714285714285715,14
2391.0,2599.0,0.39473684210526316,19
2391.0,3360.0,0.4,10
2391.0,1084.0,0.3333333333333333,12
2391.0,2917.0,0.25,10
2391.0,1357.0,0.3,10
2391.0,1663.0,0.4,10
2396.0,4865.0,0.4,10
1101.0,3361.0,0.4,15
1101.0,1321.0,0.34615384615384615,13
1101.0,914.0,0.375,16
2410.0,2011.0,0.39285714285714285,14
2410.0,5502.0,0.4,10
2410.0,2411.0,0.23076923076923078,13
3019.0,2076.0,0.25,12
3019.0,3256.0,0.4,10
3019.0,4027.0,0.34615384615384615,13
3019.0,6807.0,0.35,10
3019.0,905.0,0.4,10
3019.0,1254.0,0.3,10
3019.0,1958.0,0.34615384615384615,13
3019.0,3168.0,0.3,10
785.0,2134.0,0.3076923076923077,13
1027.0,4776.0,0.375,12
1027.0,1907.0,0.35,10
3424.0,1653.0,0.4,10
48516.0,2231.0,0.4,10
48516.0,102445.0,0.4,10
48516.0,953.0,0.375,12
81562.0,47610.0,0.4,10
81562.0,63082.0,0.375,12
81562.0,85414.0,0.4,10
81562.0,88744.0,0.35,10
91529.0,102445.0,0.3076923076923077,13
91529.0,111362.0,0.36666666666666664,15
96079.0,68157.0,0.36666666666666664,15
104841.0,85414.0,0.25,10
104841.0,134130.0,0.2916666666666667,12
1732.0,1245.0,0.32142857142857145,14
1732.0,82459.0,0.39285714285714285,14
1732.0,2132.0,0.3,10
3298.0,4776.0,0.4,10
3793.0,3396.0,0.35,10
54286.0,1645.0,0.39285714285714285,14
54286.0,3020.0,0.35,10
54286.0,8665.0,0.25,40
54286.0,72011.0,0.35,10
69757.0,88125.0,0.39285714285714285,14
69757.0,3535.0,0.4,10
78499.0,6016.0,0.25,14
81834.0,88125.0,0.16666666666666666,27
81834.0,40815.0,0.3333333333333333,24
81834.0,49530.0,0.4,10
81834.0,69844.0,0.275,20
88125.0,8665.0,0.38461538461538464,13
88125.0,69844.0,0.2631578947368421,19
2394.0,1527.0,0.19230769230769232,13
2394.0,2617.0,0.3333333333333333,15
2394.0,1641.0,0.36363636363636365,11
2394.0,1688.0,0.25,12
2394.0,1947.0,0.4,10
3175.0,1449.0,0.4,10
3175.0,2788.0,0.4,10
3175.0,6296.0,0.2916666666666667,12
163.0,2058.0,0.3333333333333333,12
163.0,5956.0,0.3333333333333333,12
163.0,6188.0,0.4,10
163.0,6863.0,0.23076923076923078,13
163.0,8464.0,0.35,10
441.0,2231.0,0.35,10
441.0,6333.0,0.4,10
441.0,3809.0,0.36363636363636365,11
441.0,1449.0,0.4,10
441.0,2371.0,0.3333333333333333,12
441.0,3396.0,0.38461538461538464,13
441.0,125.0,0.4,10
466.0,51662.0,0.4,10
466.0,1388.0,0.35,10
471.0,1673.0,0.3181818181818182,11
471.0,6333.0,0.35,10
471.0,1952.0,0.3181818181818182,11
471.0,3152.0,0.35,10
471.0,2313.0,0.4,10
748.0,1320.0,0.22727272727272727,11
802.0,4734.0,0.375,12
802.0,140.0,0.39285714285714285,14
832.0,3555.0,0.3,10
832.0,4734.0,0.36363636363636365,11
832.0,3098.0,0.4,10
909.0,928.0,0.38461538461538464,13
1020.0,2470.0,0.38461538461538464,13
1060.0,1095.0,0.22727272727272727,11
1094.0,3362.0,0.375,12
1094.0,3471.0,0.3125,16
1094.0,3363.0,0.39285714285714285,14
1094.0,3317.0,0.39285714285714285,14
1094.0,3246.0,0.39285714285714285,14
1120.0,3499.0,0.3333333333333333,15
1120.0,4239.0,0.2727272727272727,11
1120.0,5388.0,0.35,10
1120.0,30812.0,0.3,10
1120.0,1321.0,0.375,12
1120.0,1982.0,0.3,10
1120.0,1081.0,0.4,10
1199.0,57669.0,0.36363636363636365,11
1199.0,6796.0,0.4,10
1199.0,930.0,0.15,10
1199.0,1281.0,0.36363636363636365,11
1203.0,3006.0,0.3611111111111111,18
1203.0,49272.0,0.35714285714285715,14
1203.0,930.0,0.2916666666666667,12
1203.0,1104.0,0.2727272727272727,22
1203.0,905.0,0.25,16
1203.0,1945.0,0.25,20
1203.0,2739.0,0.375,12
1203.0,954.0,0.275,20
1203.0,915.0,0.4,10
1203.0,3683.0,0.3076923076923077,13
1228.0,6796.0,0.4,10
1228.0,2739.0,0.36363636363636365,11
1228.0,3683.0,0.23076923076923078,13
1228.0,2300.0,0.38235294117647056,17
1252.0,922.0,0.38461538461538464,26
1252.0,905.0,0.34210526315789475,19
1252.0,1945.0,0.23809523809523808,21
1252.0,3683.0,0.3888888888888889,18
1262.0,1673.0,0.22727272727272727,11
1262.0,933.0,0.2727272727272727,11
1262.0,3095.0,0.36363636363636365,11
1262.0,2352.0,0.39285714285714285,14
1262.0,1250.0,0.35714285714285715,28
1262.0,2398.0,0.4,10
1262.0,2944.0,0.36666666666666664,15
1262.0,3396.0,0.3,10
1266.0,1292.0,0.3684210526315789,19
1266.0,1944.0,0.36363636363636365,11
1266.0,2160.0,0.38461538461538464,13
1266.0,3683.0,0.3333333333333333,15
1320.0,49272.0,0.4,10
1370.0,1645.0,0.38095238095238093,21
1370.0,1722.0,0.3888888888888889,18
1370.0,2949.0,0.36363636363636365,11
1370.0,5872.0,0.35,10
1370.0,3809.0,0.3,10
1407.0,3686.0,0.2,10
1466.0,1748.0,0.36363636363636365,11
1466.0,2231.0,0.3125,16
1466.0,3481.0,0.3888888888888889,18
1466.0,5010.0,0.22727272727272727,11
1479.0,2058.0,0.36363636363636365,11
1527.0,41997.0,0.36363636363636365,11
1527.0,47610.0,0.23333333333333334,15
1527.0,79702.0,0.36666666666666664,15
1562.0,1556.0,0.35,10
1573.0,4855.0,0.36363636363636365,11
1573.0,376.0,0.36363636363636365,11
1608.0,2863.0,0.35,10
1644.0,3273.0,0.2727272727272727,11
1645.0,7458.0,0.4,10
1645.0,53322.0,0.4,10
1645.0,1663.0,0.2727272727272727,11
1653.0,3703.0,0.35,10
1673.0,3448.0,0.3333333333333333,15
1673.0,6807.0,0.35,10
1673.0,1965.0,0.3181818181818182,11
1673.0,4855.0,0.375,12
1673.0,2750.0,0.36363636363636365,11
1673.0,2366.0,0.35,10
1729.0,57669.0,0.38461538461538464,13
1729.0,1096.0,0.35,10
1729.0,902.0,0.2727272727272727,11
1748.0,3252.0,0.3,10
1792.0,2002.0,0.38461538461538464,13
2006.0,3479.0,0.4,10
2011.0,2411.0,0.36666666666666664,15
2011.0,1620.0,0.2692307692307692,13
2012.0,45517.0,0.4,10
2058.0,3253.0,0.39285714285714285,14
2058.0,2763.0,0.3333333333333333,12
2058.0,852.0,0.3,10
2076.0,926.0,0.3181818181818182,11
2076.0,1284.0,0.23076923076923078,13
2076.0,953.0,0.3888888888888889,18
2076.0,2313.0,0.34615384615384615,13
2134.0,3740.0,0.35,10
2134.0,3.0,0.3181818181818182,11
2134.0,2375.0,0.34615384615384615,13
2134.0,2141.0,0.4,10
2167.0,2321.0,0.375,12
2167.0,59784.0,0.4,10
2167.0,2539.0,0.3333333333333333,15
2231.0,2542.0,0.38235294117647056,17
2231.0,5956.0,0.35,10
2231.0,2501.0,0.3,10
2395.0,1261.0,0.3181818181818182,11
2541.0,3005.0,0.39285714285714285,14
2541.0,1388.0,0.3,10
2542.0,29.0,0.22727272727272727,11
2580.0,3435.0,0.4,10
2580.0,8464.0,0.21428571428571427,14
2599.0,3735.0,0.38461538461538464,13
2599.0,1028.0,0.30952380952380953,21
2599.0,3201.0,0.35,10
2599.0,2917.0,0.375,12
2599.0,1189.0,0.375,12
2599.0,2359.0,0.375,12
2599.0,1175.0,0.38461538461538464,13
2605.0,95.0,0.4,10
2605.0,5620.0,0.3181818181818182,11
2617.0,203.0,0.3,10
2617.0,1388.0,0.36363636363636365,11
2617.0,5444.0,0.4,10
2671.0,49272.0,0.36363636363636365,11
2671.0,5810.0,0.4,10
2671.0,3360.0,0.35,10
2671.0,30793.0,0.36666666666666664,15
2671.0,7451.0,0.4,10
2700.0,48780.0,0.375,12
2707.0,6708.0,0.36363636363636365,11
2707.0,1834.0,0.4,10
2712.0,1271.0,0.35,10
2717.0,2004.0,0.3181818181818182,11
2717.0,3.0,0.3181818181818182,11
2717.0,2642.0,0.22727272727272727,11
2717.0,1388.0,0.13636363636363635,11
2871.0,1641.0,0.38461538461538464,13
2871.0,1103.0,0.39285714285714285,14
2871.0,3201.0,0.36363636363636365,11
2871.0,2064.0,0.4,15
2871.0,2300.0,0.35,10
2871.0,2366.0,0.38461538461538464,13
2947.0,5010.0,0.34615384615384615,13
2947.0,3252.0,0.25,10
2947.0,2948.0,0.35,20
2947.0,4855.0,0.38461538461538464,13
2947.0,3098.0,0.32142857142857145,14
2947.0,2949.0,0.3055555555555556,18
2947.0,1958.0,0.39285714285714285,14
2947.0,2750.0,0.25,12
2947.0,1944.0,0.3181818181818182,11
2947.0,3507.0,0.38461538461538464,13
2947.0,1717.0,0.3,10
2947.0,3396.0,0.2857142857142857,14
2985.0,3361.0,0.3333333333333333,12
2985.0,4128.0,0.375,12
2985.0,1587.0,0.3333333333333333,15
2985.0,4499.0,0.4,10
3006.0,2243.0,0.26666666666666666,15
3033.0,5810.0,0.35,10
3033.0,4128.0,0.25,10
3033.0,1587.0,0.3181818181818182,11
3033.0,4855.0,0.36363636363636365,11
3081.0,6863.0,0.3333333333333333,12
3081.0,3148.0,0.2916666666666667,12
3081.0,1958.0,0.36363636363636365,11
3081.0,2109.0,0.3333333333333333,15
3081.0,3396.0,0.4,10
3081.0,2423.0,0.36363636363636365,11
3082.0,1722.0,0.35,20
3082.0,5872.0,0.35714285714285715,14
3160.0,68157.0,0.4,10
3160.0,529.0,0.38461538461538464,13
3160.0,2245.0,0.4,10
3160.0,3910.0,0.4,10
3253.0,1350.0,0.4,10
3253.0,1620.0,0.4,10
3253.0,3686.0,0.25,12
3253.0,2423.0,0.34615384615384615,13
3256.0,3510.0,0.35,10
3256.0,1620.0,0.35,10
3256.0,2145.0,0.39285714285714285,14
3256.0,2803.0,0.3333333333333333,12
3256.0,1958.0,0.3,10
3361.0,4085.0,0.375,12
3361.0,6333.0,0.36363636363636365,11
3361.0,6942.0,0.38461538461538464,13
3361.0,1092.0,0.2857142857142857,14
3361.0,3198.0,0.4,10
3361.0,2971.0,0.3181818181818182,11
3362.0,926.0,0.4,10
3362.0,1952.0,0.26666666666666666,15
3362.0,2300.0,0.375,12
3448.0,40815.0,0.36363636363636365,11
3448.0,492.0,0.34615384615384615,13
3448.0,3686.0,0.35,10
3471.0,1321.0,0.35714285714285715,14
3471.0,930.0,0.35,10
3471.0,529.0,0.34615384615384615,13
3471.0,1092.0,0.3333333333333333,15
3471.0,1945.0,0.36363636363636365,11
3471.0,1103.0,0.38461538461538464,13
3471.0,3198.0,0.35,10
3471.0,1253.0,0.3,10
3471.0,2973.0,0.2857142857142857,14
3471.0,3683.0,0.4,10
3481.0,3252.0,0.2916666666666667,12
3481.0,37733.0,0.35,10
3481.0,2949.0,0.3181818181818182,11
3481.0,2243.0,0.4,15
3481.0,1019.0,0.4,10
3481.0,3396.0,0.28125,16
3499.0,1982.0,0.3333333333333333,15
3499.0,1084.0,0.4,10
3499.0,3608.0,0.35,10
3499.0,538.0,0.4,10
3499.0,1513.0,0.35,10
3527.0,8360.0,0.38461538461538464,13
3527.0,1347.0,0.3333333333333333,12
3527.0,30793.0,0.4,10
3527.0,1249.0,0.4,10
3527.0,2423.0,0.36363636363636365,11
3535.0,74458.0,0.36363636363636365,11
3535.0,109374.0,0.25,10
3535.0,3893.0,0.35,10
3552.0,3702.0,0.4,10
3552.0,3703.0,0.36363636363636365,11
3617.0,2470.0,0.36363636363636365,11
3617.0,370.0,0.375,12
3717.0,5219.0,0.4,10
3717.0,2002.0,0.4,10
3735.0,1333.0,0.4,10
3735.0,1960.0,0.3,10
3752.0,4734.0,0.3333333333333333,12
3752.0,8528.0,0.375,16
3752.0,2001.0,0.3,10
3785.0,1717.0,0.39285714285714285,14
3882.0,4816.0,0.4,10
3977.0,2405.0,0.3076923076923077,13
4148.0,7254.0,0.4,10
4239.0,3148.0,0.3181818181818182,11
4246.0,1042.0,0.3333333333333333,12
4299.0,59784.0,0.4,10
4344.0,34319.0,0.4,10
4361.0,1945.0,0.35,10
4361.0,2243.0,0.34615384615384615,13
4370.0,8371.0,0.35,10
4370.0,2581.0,0.4,10
4571.0,1347.0,0.4,10
4720.0,1345.0,0.36363636363636365,11
4848.0,68954.0,0.4,10
5010.0,4855.0,0.36363636363636365,11
5219.0,56174.0,0.25,12
5388.0,2100.0,0.35,10
5388.0,4321.0,0.2916666666666667,12
5502.0,1693.0,0.35,10
5618.0,44665.0,0.3,10
5618.0,741.0,0.3076923076923077,13
5618.0,31658.0,0.391304347826087,23
5618.0,5971.0,0.30952380952380953,21
5902.0,1834.0,0.4,10
5903.0,55765.0,0.375,12
5903.0,87232.0,0.36363636363636365,11
5903.0,96610.0,0.4,10
5954.0,55765.0,0.4,10
5956.0,6863.0,0.35294117647058826,17
5991.0,8528.0,0.375,12
6016.0,1641.0,0.4,15
6157.0,6541.0,0.35,10
6188.0,8798.0,0.3333333333333333,12
6188.0,44199.0,0.36363636363636365,11
6281.0,30825.0,0.3181818181818182,11
6281.0,34048.0,0.32142857142857145,14
6281.0,34319.0,0.4,10
6281.0,3510.0,0.4,10
6281.0,5945.0,0.375,12
6281.0,2803.0,0.25,10
6333.0,4128.0,0.3181818181818182,11
6333.0,69844.0,0.4,10
6333.0,1183.0,0.36363636363636365,11
6333.0,161.0,0.3181818181818182,11
6333.0,3098.0,0.25,10
6333.0,2501.0,0.25,10
6333.0,6296.0,0.35,10
6333.0,5782.0,0.375,12
6365.0,6934.0,0.3404255319148936,47
6365.0,53125.0,0.3611111111111111,18
6365.0,1907.0,0.36363636363636365,11
6365.0,3988.0,0.4,10
6440.0,1245.0,0.15,10
6440.0,6807.0,0.38461538461538464,13
6708.0,8464.0,0.3333333333333333,12
6863.0,1028.0,0.38461538461538464,13
6863.0,4321.0,0.35,10
6936.0,8464.0,0.375,12
6947.0,33004.0,0.3,10
6947.0,6807.0,0.3333333333333333,12
6947.0,1960.0,0.35,10
7147.0,62.0,0.38461538461538464,13
7254.0,30812.0,0.2916666666666667,12
7254.0,36529.0,0.2692307692307692,13
7254.0,87232.0,0.35,10
7254.0,73017.0,0.35,10
7458.0,339.0,0.35714285714285715,14
7458.0,45499.0,0.4,10
8360.0,95510.0,0.36363636363636365,11
8360.0,1347.0,0.35,10
8360.0,161.0,0.36363636363636365,11
8360.0,1907.0,0.3125,16
8360.0,45499.0,0.3,15
8361.0,53125.0,0.4,10
8528.0,31685.0,0.4,10
8528.0,34319.0,0.3,10
8528.0,54272.0,0.3,15
8528.0,8783.0,0.36363636363636365,11
8528.0,62.0,0.4,10
8529.0,51662.0,0.38461538461538464,13
8641.0,8464.0,0.4,10
8665.0,68237.0,0.375,12
8665.0,49530.0,0.38636363636363635,22
8665.0,69844.0,0.38461538461538464,13
8665.0,54997.0,0.36363636363636365,11
8665.0,8970.0,0.35294117647058826,17
8798.0,40815.0,0.375,12
8949.0,1244.0,0.3333333333333333,12
30812.0,61323.0,0.2,10
30812.0,80463.0,0.35,10
31685.0,34048.0,0.4,10
31685.0,34319.0,0.4,10
31685.0,53125.0,0.35,10
34405.0,63082.0,0.36363636363636365,11
34405.0,69844.0,0.36363636363636365,11
36529.0,41997.0,0.35,10
36529.0,55247.0,0.36363636363636365,11
36529.0,49530.0,0.34615384615384615,13
40815.0,54001.0,0.2413793103448276,29
40815.0,94959.0,0.3,10
40815.0,69844.0,0.18,25
40815.0,81847.0,0.2727272727272727,11
44665.0,74458.0,0.4,15
44665.0,73017.0,0.3181818181818182,11
45722.0,53125.0,0.375,20
45722.0,45499.0,0.375,16
46578.0,54997.0,0.3333333333333333,12
46976.0,72011.0,0.4,10
46976.0,49530.0,0.39285714285714285,14
47610.0,81591.0,0.36363636363636365,11
47610.0,87232.0,0.2,10
47610.0,99114.0,0.32142857142857145,14
47610.0,8970.0,0.36363636363636365,11
48774.0,106920.0,0.3333333333333333,12
48774.0,115713.0,0.22727272727272727,11
48780.0,68237.0,0.3333333333333333,15
48780.0,109487.0,0.36666666666666664,15
48780.0,54997.0,0.35,10
49272.0,69481.0,0.39285714285714285,14
51662.0,102445.0,0.3076923076923077,13
52973.0,53322.0,0.4,10
54001.0,102445.0,0.4,10
54001.0,69844.0,0.25,22
54001.0,91542.0,0.3,10
55269.0,61323.0,0.2,10
56174.0,3988.0,0.4,10
56367.0,6807.0,0.2727272727272727,11
56367.0,1333.0,0.4,10
56782.0,82459.0,0.4,10
57669.0,68237.0,0.4,15
57669.0,54997.0,0.35,10
58998.0,80463.0,0.4,10
61024.0,71535.0,0.2727272727272727,11
64957.0,81591.0,0.375,12
68157.0,68237.0,0.3611111111111111,18
68157.0,99114.0,0.3620689655172414,29
68157.0,102445.0,0.18181818181818182,11
68157.0,115713.0,0.3333333333333333,15
68157.0,134130.0,0.375,16
68237.0,106920.0,0.35,10
68358.0,89745.0,0.4,30
68358.0,102445.0,0.35294117647058826,17
68954.0,6807.0,0.35,10
70286.0,40819.0,0.375,12
72011.0,80463.0,0.3333333333333333,12
74458.0,1090.0,0.35,10
74458.0,106100.0,0.25,12
77561.0,73017.0,0.4,15
77561.0,91542.0,0.23076923076923078,13
77561.0,102125.0,0.375,16
79702.0,102445.0,0.35,10
80463.0,102445.0,0.35,10
80463.0,106100.0,0.35,10
87232.0,99114.0,0.39285714285714285,14
87232.0,82459.0,0.4,10
87232.0,73017.0,0.25,16
87232.0,81845.0,0.375,12
87232.0,115617.0,0.3333333333333333,12
88140.0,73017.0,0.32142857142857145,14
88140.0,91542.0,0.2857142857142857,14
98809.0,106489.0,0.32142857142857145,14
98809.0,91542.0,0.2692307692307692,13
102445.0,122886.0,0.3333333333333333,12
102445.0,91542.0,0.375,12
106489.0,73017.0,0.32142857142857145,14
106489.0,91542.0,0.3,10
106920.0,115713.0,0.36363636363636365,11
109374.0,115617.0,0.35,10
109487.0,111362.0,0.3181818181818182,11
109487.0,8970.0,0.4,10
493.0,62.0,0.35,10
968.0,1219.0,0.2916666666666667,12
1090.0,2908.0,0.35714285714285715,14
1090.0,2352.0,0.29411764705882354,17
1090.0,3507.0,0.4,10
1185.0,1084.0,0.35,10
1185.0,1095.0,0.25,10
1274.0,31658.0,0.3,10
1321.0,538.0,0.2727272727272727,11
1321.0,1042.0,0.3,10
1345.0,4865.0,0.35,10
1345.0,342.0,0.35,10
1345.0,1086.0,0.2727272727272727,11
3252.0,1958.0,0.4,10
3252.0,2109.0,0.35,10
6807.0,1183.0,0.4,10
6807.0,5377.0,0.36363636363636365,11
6807.0,2788.0,0.3,10
6807.0,3396.0,0.3,10
49530.0,69844.0,0.4,10
2470.0,3254.0,0.34615384615384615,13
2470.0,4499.0,0.3181818181818182,11
1965.0,1747.0,0.2692307692307692,13
1965.0,1084.0,0.4,10
3363.0,800.0,0.25,12
3363.0,224.0,0.35,10
3363.0,915.0,0.35,10
3702.0,3421.0,0.36363636363636365,11
4002.0,2407.0,0.38461538461538464,13
4002.0,3107.0,0.3,10
4128.0,1610.0,0.4,10
4054.0,3408.0,0.36363636363636365,11
69844.0,73017.0,0.3,15
69844.0,91542.0,0.2,10
741.0,7099.0,0.4,10
741.0,3000.0,0.4,15
741.0,31658.0,0.2,10
7099.0,5971.0,0.25,10
7099.0,6350.0,0.35714285714285715,14
47099.0,81845.0,0.4,10
5103.0,1207.0,0.4,10
5103.0,1747.0,0.4,10
2335.0,3247.0,0.35,10
62.0,8970.0,0.3,10
339.0,1958.0,0.375,12
339.0,1019.0,0.35,10
552.0,376.0,0.34615384615384615,13
913.0,923.0,0.38571428571428573,35
913.0,2973.0,0.4,15
913.0,2300.0,0.3125,16
913.0,1411.0,0.34615384615384615,13
1028.0,903.0,0.3409090909090909,22
1028.0,3730.0,0.35,10
1028.0,2064.0,0.34615384615384615,13
1028.0,1189.0,0.25,10
1028.0,3462.0,0.36363636363636365,11
2100.0,376.0,0.2,10
2100.0,2405.0,0.3888888888888889,18
2100.0,2803.0,0.22727272727272727,11
2100.0,2094.0,0.34375,16
2100.0,921.0,0.4,10
2100.0,830.0,0.3181818181818182,11
2268.0,3148.0,0.3684210526315789,19
2268.0,3543.0,0.36363636363636365,11
2268.0,3201.0,0.3333333333333333,12
2268.0,1907.0,0.2916666666666667,12
2640.0,224.0,0.36363636363636365,11
2640.0,2949.0,0.3181818181818182,11
2640.0,3686.0,0.2,10
2640.0,2423.0,0.25,12
30793.0,783.0,0.35,10
30793.0,45499.0,0.39285714285714285,14
4973.0,2020.0,0.3181818181818182,11
11.0,2407.0,0.36666666666666664,15
95.0,9.0,0.4,15
95.0,140.0,0.2,10
1207.0,1276.0,0.3148148148148148,27
1207.0,1254.0,0.21428571428571427,21
1207.0,1945.0,0.38636363636363635,22
1207.0,3198.0,0.35,10
1207.0,928.0,0.4,15
1207.0,1260.0,0.39285714285714285,14
1207.0,2010.0,0.2727272727272727,11
2763.0,2336.0,0.22727272727272727,11
3418.0,1333.0,0.35714285714285715,14
3435.0,905.0,0.3333333333333333,15
3435.0,1276.0,0.36666666666666664,15
3435.0,1945.0,0.4,15
3435.0,1952.0,0.34615384615384615,13
5377.0,1449.0,0.34615384615384615,13
5377.0,2795.0,0.4,10
1641.0,800.0,0.2727272727272727,11
1641.0,538.0,0.3333333333333333,12
1641.0,2243.0,0.35294117647058826,17
1641.0,3152.0,0.35,10
1641.0,1096.0,0.20833333333333334,12
1641.0,2739.0,0.36363636363636365,11
1641.0,1357.0,0.3888888888888889,18
1641.0,921.0,0.3,10
1641.0,934.0,0.4,10
1641.0,2788.0,0.35,10
1641.0,1955.0,0.35714285714285715,14
1235.0,866.0,0.35,10
903.0,908.0,0.34146341463414637,41
903.0,930.0,0.4,15
903.0,1244.0,0.38636363636363635,22
910.0,3462.0,0.36666666666666664,15
1219.0,926.0,0.4,20
1219.0,951.0,0.4,15
1219.0,1254.0,0.25,14
1219.0,1945.0,0.35714285714285715,21
1219.0,1283.0,0.36363636363636365,11
1219.0,1260.0,0.4,15
1219.0,1217.0,0.36666666666666664,15
1247.0,3730.0,0.375,16
1247.0,930.0,0.3076923076923077,13
1247.0,1104.0,0.39285714285714285,28
1247.0,1945.0,0.21428571428571427,21
1247.0,2019.0,0.3409090909090909,22
1247.0,2064.0,0.2894736842105263,19
923.0,1945.0,0.391304347826087,23
2908.0,1104.0,0.4,15
2908.0,1276.0,0.4,10
750.0,1254.0,0.36363636363636365,22
750.0,1945.0,0.275,20
750.0,1217.0,0.3684210526315789,19
908.0,1945.0,0.30434782608695654,23
908.0,2971.0,0.34615384615384615,13
908.0,3083.0,0.3,10
922.0,905.0,0.4,15
922.0,928.0,0.35714285714285715,14
922.0,2132.0,0.375,12
922.0,3462.0,0.32142857142857145,14
922.0,1217.0,0.2727272727272727,11
926.0,951.0,0.3333333333333333,15
926.0,3504.0,0.3611111111111111,18
926.0,899.0,0.2857142857142857,21
926.0,1945.0,0.34375,16
926.0,1952.0,0.34210526315789475,19
926.0,955.0,0.35294117647058826,17
926.0,1292.0,0.2857142857142857,14
926.0,945.0,0.36363636363636365,11
926.0,3307.0,0.3333333333333333,12
926.0,1260.0,0.36363636363636365,11
926.0,2300.0,0.35714285714285715,14
1084.0,2917.0,0.3333333333333333,15
1084.0,1283.0,0.3333333333333333,12
1212.0,1952.0,0.375,16
1212.0,3462.0,0.38461538461538464,13
1267.0,899.0,0.4,20
1267.0,921.0,0.3,10
1284.0,2160.0,0.35,10
1284.0,3683.0,0.35,10
1284.0,661.0,0.4,10
1284.0,2366.0,0.375,12
2186.0,1276.0,0.3,10
2186.0,2303.0,0.35,10
2186.0,1217.0,0.35,10
2336.0,1719.0,0.3,10
2336.0,1217.0,0.36363636363636365,11
3730.0,899.0,0.375,16
3730.0,1945.0,0.2857142857142857,14
3730.0,1952.0,0.38461538461538464,13
3730.0,3095.0,0.34615384615384615,13
3730.0,942.0,0.375,12
3730.0,1292.0,0.3,10
3730.0,1244.0,0.375,16
3730.0,3683.0,0.2916666666666667,12
930.0,1104.0,0.2857142857142857,14
930.0,1230.0,0.4,15
930.0,3095.0,0.3,10
930.0,954.0,0.35714285714285715,14
930.0,942.0,0.4,15
930.0,955.0,0.38461538461538464,13
1104.0,1272.0,0.34375,16
1104.0,1945.0,0.3,15
1104.0,1283.0,0.15,10
1104.0,2132.0,0.3076923076923077,13
1104.0,3507.0,0.36363636363636365,11
1104.0,2064.0,0.2692307692307692,13
1104.0,3462.0,0.3181818181818182,11
1104.0,1217.0,0.35,10
969.0,1254.0,0.325,20
905.0,1276.0,0.38461538461538464,13
905.0,1304.0,0.3888888888888889,18
905.0,1945.0,0.3333333333333333,12
905.0,2917.0,0.4,10
905.0,2019.0,0.25,12
905.0,2064.0,0.3333333333333333,12
161.0,2944.0,0.35,10
370.0,376.0,0.25,10
370.0,3869.0,0.375,16
370.0,2792.0,0.20833333333333334,12
5.0,2002.0,0.3,10
494.0,100.0,0.3333333333333333,15
494.0,1042.0,0.38461538461538464,13
23.0,1092.0,0.2,10
647.0,805.0,0.18181818181818182,11
800.0,2108.0,0.3076923076923077,13
800.0,1124.0,0.3181818181818182,11
800.0,2739.0,0.3181818181818182,11
800.0,2065.0,0.3,10
920.0,2917.0,0.4,15
1333.0,1276.0,0.3235294117647059,17
1333.0,3198.0,0.3,10
1333.0,955.0,0.4,15
2478.0,2141.0,0.2727272727272727,11
3317.0,3526.0,0.36363636363636365,11
3317.0,2243.0,0.2916666666666667,12
3247.0,2581.0,0.35,10
3526.0,3396.0,0.3,10
1688.0,1947.0,0.3181818181818182,11
3510.0,3699.0,0.4,10
2002.0,2001.0,0.29545454545454547,22
2001.0,2688.0,0.25,10
3798.0,2485.0,0.3,10
342.0,1092.0,0.3,10
342.0,2405.0,0.4,10
1722.0,3984.0,0.35,10
1722.0,5872.0,0.4,15
1722.0,1717.0,0.36363636363636365,11
2949.0,3638.0,0.375,12
2949.0,3984.0,0.375,12
2949.0,3396.0,0.3,10
3638.0,3984.0,0.35,10
4489.0,2795.0,0.4,10
376.0,140.0,0.09090909090909091,11
2485.0,1894.0,0.4,10
2567.0,2369.0,0.4,10
17.0,2020.0,0.4,15
17.0,1296.0,0.32142857142857145,14
17.0,1224.0,0.4,10
1805.0,1271.0,0.36363636363636365,11
529.0,3543.0,0.35,10
538.0,2108.0,0.3181818181818182,11
538.0,1292.0,0.4,10
538.0,1077.0,0.38461538461538464,13
3869.0,2792.0,0.3,10
1092.0,3168.0,0.36363636363636365,11
1092.0,1614.0,0.4,10
3000.0,31658.0,0.3333333333333333,15
3000.0,5971.0,0.3,15
2863.0,3100.0,0.4,10
1230.0,1283.0,0.375,12
1230.0,3307.0,0.34210526315789475,19
1230.0,1260.0,0.36666666666666664,15
1230.0,661.0,0.2857142857142857,14
1230.0,3462.0,0.3611111111111111,18
2020.0,1296.0,0.35714285714285715,14
2020.0,1077.0,0.3,10
3176.0,2352.0,0.375,12
1276.0,1254.0,0.38235294117647056,17
1276.0,898.0,0.375,20
1276.0,1296.0,0.35714285714285715,14
1276.0,3683.0,0.36363636363636365,11
2501.0,1962.0,0.3181818181818182,11
2501.0,8970.0,0.3181818181818182,11
2857.0,2109.0,0.4,10
1719.0,1357.0,0.36363636363636365,11
1719.0,1834.0,0.4,10
2108.0,1678.0,0.20833333333333334,12
899.0,1945.0,0.3181818181818182,22
899.0,898.0,0.39285714285714285,28
953.0,3198.0,0.375,12
953.0,1283.0,0.35714285714285715,14
953.0,3307.0,0.2692307692307692,13
953.0,2064.0,0.35714285714285715,14
953.0,8464.0,0.38461538461538464,13
1095.0,1296.0,0.3,10
1095.0,3246.0,0.3,10
1179.0,3198.0,0.4,10
1179.0,942.0,0.35,10
1254.0,1945.0,0.39285714285714285,14
1254.0,898.0,0.2857142857142857,14
1254.0,955.0,0.35,10
1254.0,1217.0,0.20833333333333334,12
1272.0,1250.0,0.3076923076923077,26
1272.0,3683.0,0.4,10
1304.0,954.0,0.325,20
1945.0,1950.0,0.3,15
1945.0,1952.0,0.3684210526315789,19
1945.0,898.0,0.3684210526315789,19
1945.0,1103.0,0.25,12
1945.0,1283.0,0.3,10
1945.0,2064.0,0.2916666666666667,12
1945.0,3683.0,0.25,10
1945.0,1217.0,0.375,12
1952.0,2019.0,0.3611111111111111,18
1952.0,1283.0,0.4,10
1952.0,3307.0,0.38461538461538464,13
1952.0,1260.0,0.22727272727272727,11
1952.0,1281.0,0.4,10
1952.0,2366.0,0.38461538461538464,13
1952.0,3462.0,0.3333333333333333,12
1956.0,2243.0,0.38461538461538464,13
1956.0,3152.0,0.36363636363636365,11
1956.0,2352.0,0.39285714285714285,14
1962.0,2423.0,0.2727272727272727,11
2243.0,900.0,0.36363636363636365,11
2243.0,3198.0,0.2727272727272727,11
2243.0,3507.0,0.36363636363636365,11
2243.0,2926.0,0.35,10
2243.0,1077.0,0.39285714285714285,14
2405.0,2094.0,0.375,12
3152.0,3198.0,0.4,10
3543.0,2739.0,0.4,10
5060.0,3095.0,0.3611111111111111,18
5060.0,2971.0,0.3181818181818182,11
361.0,2581.0,0.35,10
898.0,1217.0,0.36363636363636365,11
933.0,1124.0,0.3181818181818182,11
1103.0,2739.0,0.375,12
1103.0,928.0,0.4,10
1103.0,1411.0,0.36363636363636365,11
1960.0,1296.0,0.38461538461538464,13
1960.0,2944.0,0.13636363636363635,11
1960.0,2160.0,0.35,10
1296.0,902.0,0.2916666666666667,12
1296.0,1243.0,0.4,10
1096.0,1959.0,0.4,10
1096.0,921.0,0.38461538461538464,13
1958.0,3095.0,0.375,12
1958.0,3201.0,0.36363636363636365,11
2739.0,1250.0,0.20833333333333334,12
2739.0,921.0,0.2727272727272727,11
2739.0,2398.0,0.4,10
2739.0,3545.0,0.4,10
2739.0,1885.0,0.4,10
3095.0,3196.0,0.25,10
3095.0,1077.0,0.35,10
3095.0,3683.0,0.2727272727272727,11
3095.0,1281.0,0.2727272727272727,11
3100.0,2245.0,0.16666666666666666,12
3201.0,3683.0,0.36363636363636365,11
2942.0,2109.0,0.4,10
2245.0,2352.0,0.35714285714285715,14
2352.0,2366.0,0.4,10
2917.0,2064.0,0.32142857142857145,14
3198.0,2064.0,0.3,10
3198.0,1077.0,0.3,10
954.0,1019.0,0.4,10
954.0,2064.0,0.22727272727272727,11
2085.0,2109.0,0.3,10
1250.0,3683.0,0.32142857142857145,14
1250.0,2366.0,0.39285714285714285,14
2019.0,955.0,0.4,15
2019.0,2366.0,0.3076923076923077,13
2539.0,934.0,0.36363636363636365,11
2581.0,1907.0,0.3,10
3089.0,928.0,0.4,10
6787.0,2064.0,0.4,10
6979.0,8464.0,0.35714285714285715,14
928.0,942.0,0.36666666666666664,15
928.0,1260.0,0.4,10
902.0,3507.0,0.25,10
902.0,1663.0,0.35,10
902.0,3168.0,0.4,10
955.0,921.0,0.35,10
955.0,3307.0,0.35,10
945.0,1256.0,0.3076923076923077,13
1135.0,2109.0,0.3333333333333333,12
3468.0,2064.0,0.3333333333333333,12
2398.0,2944.0,0.3,10
3507.0,1244.0,0.375,12
1449.0,3396.0,0.25,10
3307.0,1260.0,0.36363636363636365,11
3307.0,3168.0,0.3,10
3307.0,1251.0,0.4,10
2064.0,3868.0,0.3,10
8464.0,2109.0,0.25,10
3868.0,2795.0,0.35,10
1256.0,1411.0,0.36363636363636365,11
73017.0,91542.0,0.20454545454545456,22
1175.0,2010.0,0.4,10
1281.0,3462.0,0.28125,16
2010.0,1348.0,0.4,10
3462.0,1217.0,0.22727272727272727,11
5971.0,6350.0,0.2727272727272727,11
